id,state_region_mm,state_region_en,constituency_mm,constituency_en,assembly_type,areas_included_mm,areas_included_en,representatives,electoral_system,lat,lng
1,ကချင်ပြည်နယ်,Kachin State,ချီဖွေမြို့နယ်,ချီဖွေ Township,pyithu,ချီဖွေမြို့နယ်တစ်ခုလုံး။,ချီဖွေEntire Township.,1,FPTP,25.43447141530112,97.3949753227153
2,ကချင်ပြည်နယ်,Kachin State,ဆော့လော်မြို့နယ်,ဆော့လော် Township,pyithu,ဆော့လော်မြို့နယ်တစ်ခုလုံး။,ဆော့လော်Entire Township.,1,FPTP,25.37097356988288,97.3064745628514
3,ကချင်ပြည်နယ်,Kachin State,တနိုင်းမြို့နယ်,တနိုင်း Township,pyithu,တနိုင်းမြို့နယ်တစ်ခုလုံး။,တနိုင်းEntire Township.,1,FPTP,25.449568853810067,97.40378045581937
4,ကချင်ပြည်နယ်,Kachin State,ခေါင်လန်ဖူးမြို့နယ်,ခေါင်လန်ဖူး Township,pyithu,ခေါင်လန်ဖူးမြို့နယ်တစ်ခုလုံး။,ခေါင်လန်ဖူးEntire Township.,1,FPTP,25.5371029856408,97.32848382884879
5,ကချင်ပြည်နယ်,Kachin State,ဆွမ်ပရာဘွမ်မြို့နယ်,ဆွမ်ပရာဘွမ် Township,pyithu,ဆွမ်ပရာဘွမ်မြို့နယ်တစ်ခုလုံး။,ဆွမ်ပရာဘွမ်Entire Township.,1,FPTP,25.361384662527666,97.49371197334177
6,ကချင်ပြည်နယ်,Kachin State,နောင်မွန်းမြို့နယ်,နောင်မွန်း Township,pyithu,နောင်မွန်းမြို့နယ်တစ်ခုလုံး။,နောင်မွန်းEntire Township.,1,FPTP,25.361386304305082,97.38149426184978
7,ကချင်ပြည်နယ်,Kachin State,ပူတာအိုမြို့နယ်,ပူတာအို Township,pyithu,ပူတာအိုမြို့နယ်တစ်ခုလုံး။,ပူတာအိုEntire Township.,1,FPTP,25.542721281550737,97.31365028032074
8,ကချင်ပြည်နယ်,Kachin State,မချမ်းဘောမြို့နယ်,မချမ်းဘော Township,pyithu,မချမ်းဘောမြို့နယ်တစ်ခုလုံး။,မချမ်းဘောEntire Township.,1,FPTP,25.461543472915288,97.3640614158347
9,ကချင်ပြည်နယ်,Kachin State,ဗန်းမော်မြို့နယ်,ဗန်းမော် Township,pyithu,ဗန်းမော်မြို့နယ်တစ်ခုလုံး။,ဗန်းမော်Entire Township.,1,FPTP,25.337852561406503,97.43749314542755
10,ကချင်ပြည်နယ်,Kachin State,မံစီမြို့နယ်,မံစီ Township,pyithu,မံစီမြို့နယ်တစ်ခုလုံး။,မံစီEntire Township.,1,FPTP,25.439056004358594,97.3398275447196
11,ကချင်ပြည်နယ်,Kachin State,မိုးမောက်မြို့နယ်,မိုးမောက် Township,pyithu,မိုးမောက်မြို့နယ်တစ်ခုလုံး။,မိုးမောက်Entire Township.,1,FPTP,25.338458230718754,97.31397796044335
12,ကချင်ပြည်နယ်,Kachin State,ရွှေကူမြို့နယ်,ရွှေကူ Township,pyithu,ရွှေကူမြို့နယ်တစ်ခုလုံး။,ရွှေကူEntire Township.,1,FPTP,25.338227024642972,97.42056872114918
13,ကချင်ပြည်နယ်,Kachin State,ဖားကန့်မြို့နယ်,ဖားကန့် Township,pyithu,ဖားကန့်မြို့နယ်တစ်ခုလုံး။,ဖားကန့်Entire Township.,1,FPTP,25.408996227156603,97.42069665711087
14,ကချင်ပြည်နယ်,Kachin State,မိုးကောင်းမြို့နယ်,မိုးကောင်း Township,pyithu,မိုးကောင်းမြို့နယ်တစ်ခုလုံး။,မိုးကောင်းEntire Township.,1,FPTP,25.19347197553422,97.34550568246289
15,ကချင်ပြည်နယ်,Kachin State,မိုးညှင်းမြို့နယ်,မိုးညှင်း Township,pyithu,မိုးညှင်းမြို့နယ်တစ်ခုလုံး။,မိုးညှင်းEntire Township.,1,FPTP,25.212308216748696,97.34909616943816
16,ကချင်ပြည်နယ်,Kachin State,မြစ်ကြီးနားမြို့နယ်,မြစ်ကြီးနား Township,pyithu,မြစ်ကြီးနားမြို့နယ်တစ်ခုလုံး။,မြစ်ကြီးနားEntire Township.,1,FPTP,25.3285712470759,97.41940499373575
17,ကချင်ပြည်နယ်,Kachin State,ဝိုင်းမော်မြို့နယ်,ဝိုင်းမော် Township,pyithu,ဝိုင်းမော်မြို့နယ်တစ်ခုလုံး။,ဝိုင်းမော်Entire Township.,1,FPTP,25.283516887966556,97.25139156585026
18,ကချင်ပြည်နယ်,Kachin State,အင်ဂျန်းယန်မြို့နယ်,အင်ဂျန်းယန် Township,pyithu,အင်ဂျန်းယန်မြို့နယ်တစ်ခုလုံး။,အင်ဂျန်းယန်Entire Township.,1,FPTP,25.416224733259526,97.25545362256234
19,ကယားပြည်နယ်,Kayah State,ဒီးမော့ဆိုမြို့နယ်,ဒီးမော့ဆို Township,pyithu,ဒီးမော့ဆိုမြို့နယ်တစ်ခုလုံး။,ဒီးမော့ဆိုEntire Township.,1,FPTP,19.20919759244788,97.12815557787476
20,ကယားပြည်နယ်,Kayah State,ဖရူဆိုမြို့နယ်,ဖရူဆို Township,pyithu,ဖရူဆိုမြို့နယ်တစ်ခုလုံး။,ဖရူဆိုEntire Township.,1,FPTP,19.158769629866473,97.17865528482882
21,ကယားပြည်နယ်,Kayah State,ဖားဆောင်းမြို့နယ်,ဖားဆောင်း Township,pyithu,ဖားဆောင်းမြို့နယ်တစ်ခုလုံး။,ဖားဆောင်းEntire Township.,1,FPTP,19.446564876892158,97.23109075655981
22,ကယားပြည်နယ်,Kayah State,ဘောလခဲမြို့နယ်,ဘောလခဲ Township,pyithu,ဘောလခဲမြို့နယ်တစ်ခုလုံး။,ဘောလခဲEntire Township.,1,FPTP,19.277422369951346,97.34753562169496
23,ကယားပြည်နယ်,Kayah State,မယ်စဲ့မြို့နယ်,မယ်စဲ့ Township,pyithu,မယ်စဲ့မြို့နယ်တစ်ခုလုံး။,မယ်စဲ့Entire Township.,1,FPTP,19.306752820468795,97.2857659623202
24,ကယားပြည်နယ်,Kayah State,ရှားတောမြို့နယ်,ရှားတော Township,pyithu,ရှားတောမြို့နယ်တစ်ခုလုံး။,ရှားတောEntire Township.,1,FPTP,19.157525181378656,97.18400614700366
25,ကယားပြည်နယ်,Kayah State,လွိုင်ကော်မြို့နယ်,လွိုင်ကော် Township,pyithu,လွိုင်ကော်မြို့နယ်တစ်ခုလုံး။,လွိုင်ကော်Entire Township.,1,FPTP,19.245561727547482,97.19809837920974
26,ကရင်ပြည်နယ်,Kayin State,ကော့ကရိတ်မြို့နယ်,ကော့ကရိတ် Township,pyithu,ကော့ကရိတ်မြို့နယ်တစ်ခုလုံး။,ကော့ကရိတ်Entire Township.,1,FPTP,16.811092258970987,97.89974706353622
27,ကရင်ပြည်နယ်,Kayin State,ကြာအင်းဆိပ်ကြီးမြို့နယ်,ကြာအင်းဆိပ်ကြီး Township,pyithu,ကြာအင်းဆိပ်ကြီးမြို့နယ်တစ်ခုလုံး။,ကြာအင်းဆိပ်ကြီးEntire Township.,1,FPTP,16.68490064225777,97.99814868640077
28,ကရင်ပြည်နယ်,Kayin State,ဖာပွန်မြို့နယ်,ဖာပွန် Township,pyithu,ဖာပွန်မြို့နယ်တစ်ခုလုံး။,ဖာပွန်Entire Township.,1,FPTP,16.83756980183457,97.97113413610799
29,ကရင်ပြည်နယ်,Kayin State,ဘားအံမြို့နယ်,ဘားအံ Township,pyithu,ဘားအံမြို့နယ်တစ်ခုလုံး။,ဘားအံEntire Township.,1,FPTP,16.739936131008122,98.03227185603382
30,ကရင်ပြည်နယ်,Kayin State,လှိုင်းဘွဲ့မြို့နယ်,လှိုင်းဘွဲ့ Township,pyithu,လှိုင်းဘွဲ့မြို့နယ်တစ်ခုလုံး။,လှိုင်းဘွဲ့Entire Township.,1,FPTP,16.770830625020672,97.91727690564477
31,ကရင်ပြည်နယ်,Kayin State,မြဝတီမြို့နယ်,မြဝတီ Township,pyithu,မြဝတီမြို့နယ်တစ်ခုလုံး။,မြဝတီEntire Township.,1,FPTP,16.73982933877706,98.05193465142412
32,ကရင်ပြည်နယ်,Kayin State,သံတောင်ကြီးမြို့နယ်,သံတောင်ကြီး Township,pyithu,သံတောင်ကြီးမြို့နယ်တစ်ခုလုံး။,သံတောင်ကြီးEntire Township.,1,FPTP,16.985227818450895,98.15327389130026
33,ချင်းပြည်နယ်,Chin State,တီးတိန်မြို့နယ်,တီးတိန် Township,pyithu,တီးတိန်မြို့နယ်တစ်ခုလုံး။,တီးတိန်Entire Township.,1,FPTP,22.498650277526206,93.48912398515431
34,ချင်းပြည်နယ်,Chin State,တွန်းဇံမြို့နယ်,တွန်းဇံ Township,pyithu,တွန်းဇံမြို့နယ်တစ်ခုလုံး။,တွန်းဇံEntire Township.,1,FPTP,22.39422890710441,93.5401711722099
35,ချင်းပြည်နယ်,Chin State,ပလက်ဝမြို့နယ်,ပလက်ဝ Township,pyithu,ပလက်ဝမြို့နယ်တစ်ခုလုံး။,ပလက်ဝEntire Township.,1,FPTP,22.582254491210318,93.56901439917111
36,ချင်းပြည်နယ်,Chin State,ဖလမ်းမြို့နယ်,ဖလမ်း Township,pyithu,ဖလမ်းမြို့နယ်တစ်ခုလုံး။,ဖလမ်းEntire Township.,1,FPTP,22.377915635002896,93.45987795281141
37,ချင်းပြည်နယ်,Chin State,မတူပီမြို့နယ်,မတူပီ Township,pyithu,မတူပီမြို့နယ်တစ်ခုလုံး။,မတူပီEntire Township.,1,FPTP,22.520886359500476,93.52240924818105
38,ချင်းပြည်နယ်,Chin State,ကန်ပက်လက်မြို့နယ်,ကန်ပက်လက် Township,pyithu,ကန်ပက်လက်မြို့နယ်တစ်ခုလုံး။,ကန်ပက်လက်Entire Township.,1,FPTP,22.304032987612022,93.50125924007818
39,ချင်းပြည်နယ်,Chin State,မင်းတပ်မြို့နယ်,မင်းတပ် Township,pyithu,မင်းတပ်မြို့နယ်တစ်ခုလုံး။,မင်းတပ်Entire Township.,1,FPTP,22.36718139511016,93.50976760985489
40,ချင်းပြည်နယ်,Chin State,ထန်တလန်မြို့နယ်,ထန်တလန် Township,pyithu,ထန်တလန်မြို့နယ်တစ်ခုလုံး။,ထန်တလန်Entire Township.,1,FPTP,22.51968612358691,93.42269902161445
41,ချင်းပြည်နယ်,Chin State,ဟားခါးမြို့နယ်,ဟားခါး Township,pyithu,ဟားခါးမြို့နယ်တစ်ခုလုံး။,ဟားခါးEntire Township.,1,FPTP,22.573846657999542,93.5024510174259
42,စစ်ကိုင်းတိုင်းဒေသကြီး,Sagaing Region,လေရှီးမြို့နယ်,လေရှီး Township,pyithu,လေရှီးမြို့နယ်တစ်ခုလုံး။,လေရှီးEntire Township.,1,FPTP,22.017136828118996,95.04979982912454
43,စစ်ကိုင်းတိုင်းဒေသကြီး,Sagaing Region,လဟယ်မြို့နယ်,လဟယ် Township,pyithu,လဟယ်မြို့နယ်တစ်ခုလုံး။,လဟယ်Entire Township.,1,FPTP,21.988435171761175,95.1451143607795
44,စစ်ကိုင်းတိုင်းဒေသကြီး,Sagaing Region,နန်းယွန်းမြို့နယ်,နန်းယွန်း Township,pyithu,နန်းယွန်းမြို့နယ်တစ်ခုလုံး။,နန်းယွန်းEntire Township.,1,FPTP,21.96988963044107,95.09592708260853
45,စစ်ကိုင်းတိုင်းဒေသကြီး,Sagaing Region,ကလေးမြို့နယ်,ကလေး Township,pyithu,ကလေးမြို့နယ်တစ်ခုလုံး။,ကလေးEntire Township.,1,FPTP,21.85214780096326,95.21531824575115
46,စစ်ကိုင်းတိုင်းဒေသကြီး,Sagaing Region,ကလေးဝမြို့နယ်,ကလေးဝ Township,pyithu,ကလေးဝမြို့နယ်တစ်ခုလုံး။,ကလေးဝEntire Township.,1,FPTP,21.92801557916053,94.9232652437112
47,စစ်ကိုင်းတိုင်းဒေသကြီး,Sagaing Region,မင်းကင်းမြို့နယ်,မင်းကင်း Township,pyithu,မင်းကင်းမြို့နယ်တစ်ခုလုံး။,မင်းကင်းEntire Township.,1,FPTP,21.95393612290402,95.08723206367206
48,စစ်ကိုင်းတိုင်းဒေသကြီး,Sagaing Region,ကသာမြို့နယ်,ကသာ Township,pyithu,ကသာမြို့နယ်တစ်ခုလုံး။,ကသာEntire Township.,1,FPTP,22.105712222621893,95.01833420057383
49,စစ်ကိုင်းတိုင်းဒေသကြီး,Sagaing Region,ထီးချိုင့်မြို့နယ်,ထီးချိုင့် Township,pyithu,ထီးချိုင့်မြို့နယ်တစ်ခုလုံး။,ထီးချိုင့်Entire Township.,1,FPTP,22.034361828956847,95.21898029332176
50,စစ်ကိုင်းတိုင်းဒေသကြီး,Sagaing Region,ဗန်းမောက်မြို့နယ်,ဗန်းမောက် Township,pyithu,ဗန်းမောက်မြို့နယ်တစ်ခုလုံး။,ဗန်းမောက်Entire Township.,1,FPTP,21.823695984463725,94.91917017146449
51,စစ်ကိုင်းတိုင်းဒေသကြီး,Sagaing Region,အင်းတော်မြို့နယ်,အင်းတော် Township,pyithu,အင်းတော်မြို့နယ်တစ်ခုလုံး။,အင်းတော်Entire Township.,1,FPTP,22.03240839693948,94.91602781578192
52,စစ်ကိုင်းတိုင်းဒေသကြီး,Sagaing Region,ကောလင်းမြို့နယ်,ကောလင်း Township,pyithu,ကောလင်းမြို့နယ်တစ်ခုလုံး။,ကောလင်းEntire Township.,1,FPTP,21.961491771958368,94.9400607354556
53,စစ်ကိုင်းတိုင်းဒေသကြီး,Sagaing Region,ဝန်းသိုမြို့နယ်,ဝန်းသို Township,pyithu,ဝန်းသိုမြို့နယ်တစ်ခုလုံး။,ဝန်းသိုEntire Township.,1,FPTP,21.932307799969404,94.78761042756902
54,စစ်ကိုင်းတိုင်းဒေသကြီး,Sagaing Region,ပင်လည်ဘူးမြို့နယ်,ပင်လည်ဘူး Township,pyithu,ပင်လည်ဘူးမြို့နယ်တစ်ခုလုံး။,ပင်လည်ဘူးEntire Township.,1,FPTP,22.061167628884085,94.94742449783192
55,စစ်ကိုင်းတိုင်းဒေသကြီး,Sagaing Region,ကန့်ဘလူမြို့နယ်,ကန့်ဘလူ Township,pyithu,ကန့်ဘလူမြို့နယ်တစ်ခုလုံး။,ကန့်ဘလူEntire Township.,1,FPTP,22.103099952249597,94.92408673384463
56,စစ်ကိုင်းတိုင်းဒေသကြီး,Sagaing Region,ကျွန်းလှမြို့နယ်,ကျွန်းလှ Township,pyithu,ကျွန်းလှမြို့နယ်တစ်ခုလုံး။,ကျွန်းလှEntire Township.,1,FPTP,22.09312801191162,95.01503937864761
57,စစ်ကိုင်းတိုင်းဒေသကြီး,Sagaing Region,ခန္တီးမြို့နယ်,ခန္တီး Township,pyithu,ခန္တီးမြို့နယ်တစ်ခုလုံး။,ခန္တီးEntire Township.,1,FPTP,21.916078247677735,95.03417559757771
58,စစ်ကိုင်းတိုင်းဒေသကြီး,Sagaing Region,စစ်ကိုင်းမြို့နယ်,စစ်ကိုင်း Township,pyithu,စစ်ကိုင်းမြို့နယ်တစ်ခုလုံး။,စစ်ကိုင်းEntire Township.,1,FPTP,21.969078762414878,95.1876170839216
59,စစ်ကိုင်းတိုင်းဒေသကြီး,Sagaing Region,မြင်းမူမြို့နယ်,မြင်းမူ Township,pyithu,မြင်းမူမြို့နယ်တစ်ခုလုံး။,မြင်းမူEntire Township.,1,FPTP,22.033126343140356,95.09504238381861
60,စစ်ကိုင်းတိုင်းဒေသကြီး,Sagaing Region,မြောင်မြို့နယ်,မြောင် Township,pyithu,မြောင်မြို့နယ်တစ်ခုလုံး။,မြောင်Entire Township.,1,FPTP,22.097554512712236,94.94230963443376
61,စစ်ကိုင်းတိုင်းဒေသကြီး,Sagaing Region,တမူးမြို့နယ်,တမူး Township,pyithu,တမူးမြို့နယ်တစ်ခုလုံး။,တမူးEntire Township.,1,FPTP,21.95208257621547,94.91015853286517
62,စစ်ကိုင်းတိုင်းဒေသကြီး,Sagaing Region,ချောင်းဦးမြို့နယ်,ချောင်းဦး Township,pyithu,ချောင်းဦးမြို့နယ်တစ်ခုလုံး။,ချောင်းဦးEntire Township.,1,FPTP,21.98143410233362,95.04919191715065
63,စစ်ကိုင်းတိုင်းဒေသကြီး,Sagaing Region,ဘုတလင်မြို့နယ်,ဘုတလင် Township,pyithu,ဘုတလင်မြို့နယ်တစ်ခုလုံး။,ဘုတလင်Entire Township.,1,FPTP,21.889366502599398,94.86797667929794
64,စစ်ကိုင်းတိုင်းဒေသကြီး,Sagaing Region,မုံရွာမြို့နယ်,မုံရွာ Township,pyithu,မုံရွာမြို့နယ်တစ်ခုလုံး။,မုံရွာEntire Township.,1,FPTP,21.880379337591933,95.18314587658544
65,စစ်ကိုင်းတိုင်းဒေသကြီး,Sagaing Region,အရာတော်မြို့နယ်,အရာတော် Township,pyithu,အရာတော်မြို့နယ်တစ်ခုလုံး။,အရာတော်Entire Township.,1,FPTP,22.08125258223942,95.11794401207213
66,စစ်ကိုင်းတိုင်းဒေသကြီး,Sagaing Region,ဖောင်းပြင်မြို့နယ်,ဖောင်းပြင် Township,pyithu,ဖောင်းပြင်မြို့နယ်တစ်ခုလုံး။,ဖောင်းပြင်Entire Township.,1,FPTP,22.13562400285708,94.95308243478954
67,စစ်ကိုင်းတိုင်းဒေသကြီး,Sagaing Region,မော်လိုက်မြို့နယ်,မော်လိုက် Township,pyithu,မော်လိုက်မြို့နယ်တစ်ခုလုံး။,မော်လိုက်Entire Township.,1,FPTP,21.992798987841965,94.82868654709091
68,စစ်ကိုင်းတိုင်းဒေသကြီး,Sagaing Region,ကနီမြို့နယ်,ကနီ Township,pyithu,ကနီမြို့နယ်တစ်ခုလုံး။,ကနီEntire Township.,1,FPTP,22.1003532897892,95.13538723741654
69,စစ်ကိုင်းတိုင်းဒေသကြီး,Sagaing Region,ဆားလင်းကြီးမြို့နယ်,ဆားလင်းကြီး Township,pyithu,ဆားလင်းကြီးမြို့နယ်တစ်ခုလုံး။,ဆားလင်းကြီးEntire Township.,1,FPTP,22.036163602504764,94.98854601547474
70,စစ်ကိုင်းတိုင်းဒေသကြီး,Sagaing Region,ပုလဲမြို့နယ်,ပုလဲ Township,pyithu,ပုလဲမြို့နယ်တစ်ခုလုံး။,ပုလဲEntire Township.,1,FPTP,21.935488024539488,95.12378163119735
71,စစ်ကိုင်းတိုင်းဒေသကြီး,Sagaing Region,ယင်းမာပင်မြို့နယ်,ယင်းမာပင် Township,pyithu,ယင်းမာပင်မြို့နယ်တစ်ခုလုံး။,ယင်းမာပင်Entire Township.,1,FPTP,22.03613956055084,94.84055723412057
72,စစ်ကိုင်းတိုင်းဒေသကြီး,Sagaing Region,ဒီပဲယင်းမြို့နယ်,ဒီပဲယင်း Township,pyithu,ဒီပဲယင်းမြို့နယ်တစ်ခုလုံး။,ဒီပဲယင်းEntire Township.,1,FPTP,22.1538036566466,94.94006249770462
73,စစ်ကိုင်းတိုင်းဒေသကြီး,Sagaing Region,တန့်ဆည်မြို့နယ်,တန့်ဆည် Township,pyithu,တန့်ဆည်မြို့နယ်တစ်ခုလုံး။,တန့်ဆည်Entire Township.,1,FPTP,21.996417396089004,95.00052436997181
74,စစ်ကိုင်းတိုင်းဒေသကြီး,Sagaing Region,ရေဦးမြို့နယ်,ရေဦး Township,pyithu,ရေဦးမြို့နယ်တစ်ခုလုံး။,ရေဦးEntire Township.,1,FPTP,22.1564643655814,95.00469805937648
75,စစ်ကိုင်းတိုင်းဒေသကြီး,Sagaing Region,ခင်ဦးမြို့နယ်,ခင်ဦး Township,pyithu,ခင်ဦးမြို့နယ်တစ်ခုလုံး။,ခင်ဦးEntire Township.,1,FPTP,21.738025489591024,94.95499345285208
76,စစ်ကိုင်းတိုင်းဒေသကြီး,Sagaing Region,ရွှေဘိုမြို့နယ်,ရွှေဘို Township,pyithu,ရွှေဘိုမြို့နယ်တစ်ခုလုံး။,ရွှေဘိုEntire Township.,1,FPTP,22.082190250437524,95.06228499323475
77,စစ်ကိုင်းတိုင်းဒေသကြီး,Sagaing Region,ဝက်လက်မြို့နယ်,ဝက်လက် Township,pyithu,ဝက်လက်မြို့နယ်တစ်ခုလုံး။,ဝက်လက်Entire Township.,1,FPTP,22.008704706823817,94.89323795706174
78,စစ်ကိုင်းတိုင်းဒေသကြီး,Sagaing Region,ဟုမ္မလင်းမြို့နယ်,ဟုမ္မလင်း Township,pyithu,ဟုမ္မလင်းမြို့နယ်တစ်ခုလုံး။,ဟုမ္မလင်းEntire Township.,1,FPTP,21.97009926495341,94.98576205149787
79,တနင်္သာရီတိုင်းဒေသကြီး,Tanintharyi Region,ကော့သောင်းမြို့နယ်,ကော့သောင်း Township,pyithu,ကော့သောင်းမြို့နယ်တစ်ခုလုံး။,ကော့သောင်းEntire Township.,1,FPTP,12.109176077653549,98.61202956317119
80,တနင်္သာရီတိုင်းဒေသကြီး,Tanintharyi Region,ထားဝယ်မြို့နယ်,ထားဝယ် Township,pyithu,ထားဝယ်မြို့နယ်တစ်ခုလုံး။,ထားဝယ်Entire Township.,1,FPTP,11.90124310853991,98.65144388340588
81,တနင်္သာရီတိုင်းဒေသကြီး,Tanintharyi Region,ရေဖြူမြို့နယ်,ရေဖြူ Township,pyithu,ရေဖြူမြို့နယ်တစ်ခုလုံး။,ရေဖြူEntire Township.,1,FPTP,12.078032811216248,98.67116148780889
82,တနင်္သာရီတိုင်းဒေသကြီး,Tanintharyi Region,လောင်းလုံးမြို့နယ်,လောင်းလုံး Township,pyithu,လောင်းလုံးမြို့နယ်တစ်ခုလုံး။,လောင်းလုံးEntire Township.,1,FPTP,12.135711257151174,98.48753579081621
83,တနင်္သာရီတိုင်းဒေသကြီး,Tanintharyi Region,သရက်ချောင်းမြို့နယ်,သရက်ချောင်း Township,pyithu,သရက်ချောင်းမြို့နယ်တစ်ခုလုံး။,သရက်ချောင်းEntire Township.,1,FPTP,12.247789404474151,98.44658858292644
84,တနင်္သာရီတိုင်းဒေသကြီး,Tanintharyi Region,ဘုတ်ပြင်းမြို့နယ်,ဘုတ်ပြင်း Township,pyithu,ဘုတ်ပြင်းမြို့နယ်တစ်ခုလုံး။,ဘုတ်ပြင်းEntire Township.,1,FPTP,12.048172978172635,98.72776768218985
85,တနင်္သာရီတိုင်းဒေသကြီး,Tanintharyi Region,ကျွန်းစုမြို့နယ်,ကျွန်းစု Township,pyithu,ကျွန်းစုမြို့နယ်တစ်ခုလုံး။,ကျွန်းစုEntire Township.,1,FPTP,12.01915063971068,98.63323140119796
86,တနင်္သာရီတိုင်းဒေသကြီး,Tanintharyi Region,တနင်္သာရီမြို့နယ်,တနင်္သာရီ Township,pyithu,တနင်္သာရီမြို့နယ်တစ်ခုလုံး။,တနင်္သာရီEntire Township.,1,FPTP,12.049824295641546,98.52515134634434
87,တနင်္သာရီတိုင်းဒေသကြီး,Tanintharyi Region,ပုလောမြို့နယ်,ပုလော Township,pyithu,ပုလောမြို့နယ်တစ်ခုလုံး။,ပုလောEntire Township.,1,FPTP,12.191540211770207,98.75511519755224
88,တနင်္သာရီတိုင်းဒေသကြီး,Tanintharyi Region,မြိတ်မြို့နယ်,မြိတ် Township,pyithu,မြိတ်မြို့နယ်တစ်ခုလုံး။,မြိတ်Entire Township.,1,FPTP,12.132875110965967,98.61156746342928
89,ပဲခူးတိုင်းဒေသကြီး,Bago Region,ကျောက်ကြီးမြို့နယ်,ကျောက်ကြီး Township,pyithu,ကျောက်ကြီးမြို့နယ်တစ်ခုလုံး။,ကျောက်ကြီးEntire Township.,1,FPTP,17.247023979623297,96.61792971840639
90,ပဲခူးတိုင်းဒေသကြီး,Bago Region,ကျောက်တံခါးမြို့နယ်,ကျောက်တံခါး Township,pyithu,ကျောက်တံခါးမြို့နယ်တစ်ခုလုံး။,ကျောက်တံခါးEntire Township.,1,FPTP,17.351326743311336,96.50675184814101
91,ပဲခူးတိုင်းဒေသကြီး,Bago Region,ညောင်လေးပင်မြို့နယ်,ညောင်လေးပင် Township,pyithu,ညောင်လေးပင်မြို့နယ်တစ်ခုလုံး။,ညောင်လေးပင်Entire Township.,1,FPTP,17.309707754934806,96.7060747924882
92,ပဲခူးတိုင်းဒေသကြီး,Bago Region,ဒိုက်ဦးမြို့နယ်,ဒိုက်ဦး Township,pyithu,ဒိုက်ဦးမြို့နယ်တစ်ခုလုံး။,ဒိုက်ဦးEntire Township.,1,FPTP,17.39686449905329,96.67553408424432
93,ပဲခူးတိုင်းဒေသကြီး,Bago Region,ရွှေကျင်မြို့နယ်,ရွှေကျင် Township,pyithu,ရွှေကျင်မြို့နယ်တစ်ခုလုံး။,ရွှေကျင်Entire Township.,1,FPTP,17.229794690612266,96.4751035851521
94,ပဲခူးတိုင်းဒေသကြီး,Bago Region,တောင်ငူမြို့နယ်,တောင်ငူ Township,pyithu,တောင်ငူမြို့နယ်တစ်ခုလုံး။,တောင်ငူEntire Township.,1,FPTP,17.267233785340224,96.59715709509544
95,ပဲခူးတိုင်းဒေသကြီး,Bago Region,ထန်းတပင်မြို့နယ်,ထန်းတပင် Township,pyithu,ထန်းတပင်မြို့နယ်တစ်ခုလုံး။,ထန်းတပင်Entire Township.,1,FPTP,17.260789184686786,96.56453759495851
96,ပဲခူးတိုင်းဒေသကြီး,Bago Region,ဖြူးမြို့နယ်,ဖြူး Township,pyithu,ဖြူးမြို့နယ်တစ်ခုလုံး။,ဖြူးEntire Township.,1,FPTP,17.153648505186787,96.63686315575323
97,ပဲခူးတိုင်းဒေသကြီး,Bago Region,ရေတာရှည်မြို့နယ်,ရေတာရှည် Township,pyithu,ရေတာရှည်မြို့နယ်တစ်ခုလုံး။,ရေတာရှည်Entire Township.,1,FPTP,17.329612027706457,96.40350765394199
98,ပဲခူးတိုင်းဒေသကြီး,Bago Region,အုတ်တွင်းမြို့နယ်,အုတ်တွင်း Township,pyithu,အုတ်တွင်းမြို့နယ်တစ်ခုလုံး။,အုတ်တွင်းEntire Township.,1,FPTP,17.32610552721799,96.56860514599984
99,ပဲခူးတိုင်းဒေသကြီး,Bago Region,ဇီးကုန်းမြို့နယ်,ဇီးကုန်း Township,pyithu,ဇီးကုန်းမြို့နယ်တစ်ခုလုံး။,ဇီးကုန်းEntire Township.,1,FPTP,17.300511345664248,96.60584244868495
100,ပဲခူးတိုင်းဒေသကြီး,Bago Region,နတ်တလင်းမြို့နယ်,နတ်တလင်း Township,pyithu,နတ်တလင်းမြို့နယ်တစ်ခုလုံး။,နတ်တလင်းEntire Township.,1,FPTP,17.276541286662486,96.3241260513577
101,ပဲခူးတိုင်းဒေသကြီး,Bago Region,ပေါင်းတည်မြို့နယ်,ပေါင်းတည် Township,pyithu,ပေါင်းတည်မြို့နယ်တစ်ခုလုံး။,ပေါင်းတည်Entire Township.,1,FPTP,17.15846292579496,96.38167414873342
102,ပဲခူးတိုင်းဒေသကြီး,Bago Region,သဲကုန်းမြို့နယ်,သဲကုန်း Township,pyithu,သဲကုန်းမြို့နယ်တစ်ခုလုံး။,သဲကုန်းEntire Township.,1,FPTP,17.257935467723463,96.29607678222399
103,ပဲခူးတိုင်းဒေသကြီး,Bago Region,ကဝမြို့နယ်,ကဝ Township,pyithu,ကဝမြို့နယ်တစ်ခုလုံး။,ကဝEntire Township.,1,FPTP,17.265728548347322,96.47305931655555
104,ပဲခူးတိုင်းဒေသကြီး,Bago Region,ပဲခူးမြို့နယ်,ပဲခူး Township,pyithu,ပဲခူးမြို့နယ်တစ်ခုလုံး။,ပဲခူးEntire Township.,1,FPTP,17.21977227307784,96.5717542255796
105,ပဲခူးတိုင်းဒေသကြီး,Bago Region,ဝေါမြို့နယ်,ဝေါ Township,pyithu,ဝေါမြို့နယ်တစ်ခုလုံး။,ဝေါEntire Township.,1,FPTP,17.2838714288334,96.6502357052096
106,ပဲခူးတိုင်းဒေသကြီး,Bago Region,သနပ်ပင်မြို့နယ်,သနပ်ပင် Township,pyithu,သနပ်ပင်မြို့နယ်တစ်ခုလုံး။,သနပ်ပင်Entire Township.,1,FPTP,17.340405085681454,96.50740947804198
107,ပဲခူးတိုင်းဒေသကြီး,Bago Region,ပေါက်ခေါင်းမြို့နယ်,ပေါက်ခေါင်း Township,pyithu,ပေါက်ခေါင်းမြို့နယ်တစ်ခုလုံး။,ပေါက်ခေါင်းEntire Township.,1,FPTP,17.488618590121053,96.66286155455713
108,ပဲခူးတိုင်းဒေသကြီး,Bago Region,ပန်းတောင်းမြို့နယ်,ပန်းတောင်း Township,pyithu,ပန်းတောင်းမြို့နယ်တစ်ခုလုံး။,ပန်းတောင်းEntire Township.,1,FPTP,17.317457781283185,96.36198985417852
109,ပဲခူးတိုင်းဒေသကြီး,Bago Region,ပြည်မြို့နယ်,ပြည် Township,pyithu,ပြည်မြို့နယ်တစ်ခုလုံး။,ပြည်Entire Township.,1,FPTP,17.325755039072277,96.32966175606448
110,ပဲခူးတိုင်းဒေသကြီး,Bago Region,ရွှေတောင်မြို့နယ်,ရွှေတောင် Township,pyithu,ရွှေတောင်မြို့နယ်တစ်ခုလုံး။,ရွှေတောင်Entire Township.,1,FPTP,17.292555408423382,96.49444523011034
111,ပဲခူးတိုင်းဒေသကြီး,Bago Region,ကြို့ပင်ကောက်မြို့နယ်,ကြို့ပင်ကောက် Township,pyithu,ကြို့ပင်ကောက်မြို့နယ်တစ်ခုလုံး။,ကြို့ပင်ကောက်Entire Township.,1,FPTP,17.1081228784701,96.53840654489393
112,ပဲခူးတိုင်းဒေသကြီး,Bago Region,မိုးညိုမြို့နယ်,မိုးညို Township,pyithu,မိုးညိုမြို့နယ်တစ်ခုလုံး။,မိုးညိုEntire Township.,1,FPTP,17.297348612455078,96.49673052519059
113,ပဲခူးတိုင်းဒေသကြီး,Bago Region,မင်းလှမြို့နယ်,မင်းလှ Township,pyithu,မင်းလှမြို့နယ်တစ်ခုလုံး။,မင်းလှEntire Township.,1,FPTP,17.306023020994104,96.29325578999601
114,ပဲခူးတိုင်းဒေသကြီး,Bago Region,လက်ပံတန်းမြို့နယ်,လက်ပံတန်း Township,pyithu,လက်ပံတန်းမြို့နယ်တစ်ခုလုံး။,လက်ပံတန်းEntire Township.,1,FPTP,17.54632421124853,96.49108799604872
115,ပဲခူးတိုင်းဒေသကြီး,Bago Region,သာယာဝတီမြို့နယ်,သာယာဝတီ Township,pyithu,သာယာဝတီမြို့နယ်တစ်ခုလုံး။,သာယာဝတီEntire Township.,1,FPTP,17.280763903521887,96.36955304994952
116,ပဲခူးတိုင်းဒေသကြီး,Bago Region,အုတ်ဖိုမြို့နယ်,အုတ်ဖို Township,pyithu,အုတ်ဖိုမြို့နယ်တစ်ခုလုံး။,အုတ်ဖိုEntire Township.,1,FPTP,17.33015473423336,96.56696725488301
117,မကွေးတိုင်းဒေသကြီး,Magway Region,ချောက်မြို့နယ်,ချောက် Township,pyithu,ချောက်မြို့နယ်တစ်ခုလုံး။,ချောက်Entire Township.,1,FPTP,20.146528823029474,94.93665982460969
118,မကွေးတိုင်းဒေသကြီး,Magway Region,ရေနံချောင်းမြို့နယ်,ရေနံချောင်း Township,pyithu,ရေနံချောင်းမြို့နယ်တစ်ခုလုံး။,ရေနံချောင်းEntire Township.,1,FPTP,20.033132196238046,94.80601202136727
119,မကွေးတိုင်းဒေသကြီး,Magway Region,ဂန့်ဂေါမြို့နယ်,ဂန့်ဂေါ Township,pyithu,ဂန့်ဂေါမြို့နယ်တစ်ခုလုံး။,ဂန့်ဂေါEntire Township.,1,FPTP,20.2642822814515,94.84861330826634
120,မကွေးတိုင်းဒေသကြီး,Magway Region,ဆောမြို့နယ်,ဆော Township,pyithu,ဆောမြို့နယ်တစ်ခုလုံး။,ဆောEntire Township.,1,FPTP,20.225193303268675,94.7940786478111
121,မကွေးတိုင်းဒေသကြီး,Magway Region,ထီးလင်းမြို့နယ်,ထီးလင်း Township,pyithu,ထီးလင်းမြို့နယ်တစ်ခုလုံး။,ထီးလင်းEntire Township.,1,FPTP,20.229103194704305,94.89373209027269
122,မကွေးတိုင်းဒေသကြီး,Magway Region,ဆိပ်ဖြူမြို့နယ်,ဆိပ်ဖြူ Township,pyithu,ဆိပ်ဖြူမြို့နယ်တစ်ခုလုံး။,ဆိပ်ဖြူEntire Township.,1,FPTP,20.059061254520525,94.99551423205013
123,မကွေးတိုင်းဒေသကြီး,Magway Region,ပခုက္ကူမြို့နယ်,ပခုက္ကူ Township,pyithu,ပခုက္ကူမြို့နယ်တစ်ခုလုံး။,ပခုက္ကူEntire Township.,1,FPTP,20.29027943109361,94.80142739536645
124,မကွေးတိုင်းဒေသကြီး,Magway Region,ပေါက်မြို့နယ်,ပေါက် Township,pyithu,ပေါက်မြို့နယ်တစ်ခုလုံး။,ပေါက်Entire Township.,1,FPTP,20.00981489372077,94.95040465155179
125,မကွေးတိုင်းဒေသကြီး,Magway Region,မြိုင်မြို့နယ်,မြိုင် Township,pyithu,မြိုင်မြို့နယ်တစ်ခုလုံး။,မြိုင်Entire Township.,1,FPTP,20.208685709380024,94.84697423816276
126,မကွေးတိုင်းဒေသကြီး,Magway Region,ရေစကြိုမြို့နယ်,ရေစကြို Township,pyithu,ရေစကြိုမြို့နယ်တစ်ခုလုံး။,ရေစကြိုEntire Township.,1,FPTP,20.369045562580997,94.82071271677377
127,မကွေးတိုင်းဒေသကြီး,Magway Region,တောင်တွင်းကြီးမြို့နယ်,တောင်တွင်းကြီး Township,pyithu,တောင်တွင်းကြီးမြို့နယ်တစ်ခုလုံး။,တောင်တွင်းကြီးEntire Township.,1,FPTP,20.05094636748693,94.88929696400454
128,မကွေးတိုင်းဒေသကြီး,Magway Region,နတ်မောက်မြို့နယ်,နတ်မောက် Township,pyithu,နတ်မောက်မြို့နယ်တစ်ခုလုံး။,နတ်မောက်Entire Township.,1,FPTP,20.09337022703972,94.79647576775807
129,မကွေးတိုင်းဒေသကြီး,Magway Region,မကွေးမြို့နယ်,မကွေး Township,pyithu,မကွေးမြို့နယ်တစ်ခုလုံး။,မကွေးEntire Township.,1,FPTP,20.159965136508763,94.84463506946528
130,မကွေးတိုင်းဒေသကြီး,Magway Region,ငဖဲမြို့နယ်,ငဖဲ Township,pyithu,ငဖဲမြို့နယ်တစ်ခုလုံး။,ငဖဲEntire Township.,1,FPTP,20.09965243458838,94.78021221074113
131,မကွေးတိုင်းဒေသကြီး,Magway Region,စလင်းမြို့နယ်,စလင်း Township,pyithu,စလင်းမြို့နယ်တစ်ခုလုံး။,စလင်းEntire Township.,1,FPTP,19.994933656893384,95.09647251329164
132,မကွေးတိုင်းဒေသကြီး,Magway Region,မြို့သစ်မြို့နယ်,မြို့သစ် Township,pyithu,မြို့သစ်မြို့နယ်တစ်ခုလုံး။,မြို့သစ်Entire Township.,1,FPTP,20.1568562974806,94.90352635519717
133,မကွေးတိုင်းဒေသကြီး,Magway Region,စေတုတ္ထရာမြို့နယ်,စေတုတ္ထရာ Township,pyithu,စေတုတ္ထရာမြို့နယ်တစ်ခုလုံး။မ,စေတုတ္ထရာEntire Township.မ,1,FPTP,20.043769628627388,94.83002744920074
134,မကွေးတိုင်းဒေသကြီး,Magway Region,ပွင့်ဖြူမြို့နယ်,ပွင့်ဖြူ Township,pyithu,ပွင့်ဖြူမြို့နယ်တစ်ခုလုံး။,ပွင့်ဖြူEntire Township.,1,FPTP,20.197359243063516,94.92139799107343
135,မကွေးတိုင်းဒေသကြီး,Magway Region,မင်းဘူးမြို့နယ်,မင်းဘူး Township,pyithu,မင်းဘူးမြို့နယ်တစ်ခုလုံး။,မင်းဘူးEntire Township.,1,FPTP,20.05805757657662,94.88876719503092
136,မကွေးတိုင်းဒေသကြီး,Magway Region,ကံမမြို့နယ်,ကံမ Township,pyithu,ကံမမြို့နယ်တစ်ခုလုံး။,ကံမEntire Township.,1,FPTP,20.304993440501754,94.87790304004669
137,မကွေးတိုင်းဒေသကြီး,Magway Region,မင်းတုန်းမြို့နယ်,မင်းတုန်း Township,pyithu,မင်းတုန်းမြို့နယ်တစ်ခုလုံး။,မင်းတုန်းEntire Township.,1,FPTP,20.071674670766374,94.96141667000435
138,မကွေးတိုင်းဒေသကြီး,Magway Region,မင်းလှမြို့နယ်,မင်းလှ Township,pyithu,မင်းလှမြို့နယ်တစ်ခုလုံး။,မင်းလှEntire Township.,1,FPTP,20.11779384837943,94.97575077100474
139,မကွေးတိုင်းဒေသကြီး,Magway Region,သရက်မြို့နယ်,သရက် Township,pyithu,သရက်မြို့နယ်တစ်ခုလုံး။,သရက်Entire Township.,1,FPTP,20.231351721736967,94.84694988523896
140,မကွေးတိုင်းဒေသကြီး,Magway Region,ဆင်ပေါင်ဝဲမြို့နယ်,ဆင်ပေါင်ဝဲ Township,pyithu,ဆင်ပေါင်ဝဲမြို့နယ်တစ်ခုလုံး။,ဆင်ပေါင်ဝဲEntire Township.,1,FPTP,20.0269135683566,94.84241817593553
141,မကွေးတိုင်းဒေသကြီး,Magway Region,အောင်လံမြို့နယ်,အောင်လံ Township,pyithu,အောင်လံမြို့နယ်တစ်ခုလုံး။,အောင်လံEntire Township.,1,FPTP,20.17274599346041,94.87249483028484
142,မန္တလေးတိုင်းဒေသကြီး,Mandalay Region,ကျောက်ဆည်မြို့နယ်,ကျောက်ဆည် Township,pyithu,ကျောက်ဆည်မြို့နယ်တစ်ခုလုံး။,ကျောက်ဆည်Entire Township.,1,FPTP,22.089514275428243,95.85890788352644
143,မန္တလေးတိုင်းဒေသကြီး,Mandalay Region,စဉ့်ကိုင်မြို့နယ်,စဉ့်ကိုင် Township,pyithu,စဉ့်ကိုင်မြို့နယ်တစ်ခုလုံး။,စဉ့်ကိုင်Entire Township.,1,FPTP,21.798051676543878,95.93758089378015
144,မန္တလေးတိုင်းဒေသကြီး,Mandalay Region,မြစ်သားမြို့နယ်,မြစ်သား Township,pyithu,မြစ်သားမြို့နယ်တစ်ခုလုံး။,မြစ်သားEntire Township.,1,FPTP,21.97726338585323,96.22578742674446
145,မန္တလေးတိုင်းဒေသကြီး,Mandalay Region,ကျောက်ပန်းတောင်းမြို့နယ်,ကျောက်ပန်းတောင်း Township,pyithu,ကျောက်ပန်းတောင်းမြို့နယ်တစ်ခုလုံး။,ကျောက်ပန်းတောင်းEntire Township.,1,FPTP,21.984788279424844,96.25359677135013
146,မန္တလေးတိုင်းဒေသကြီး,Mandalay Region,ညောင်ဦးမြို့နယ်,ညောင်ဦး Township,pyithu,ညောင်ဦးမြို့နယ်တစ်ခုလုံး။,ညောင်ဦးEntire Township.,1,FPTP,22.036982287177732,96.06419639604437
147,မန္တလေးတိုင်းဒေသကြီး,Mandalay Region,ငါန်းဇွန်မြို့နယ်,ငါန်းဇွန် Township,pyithu,ငါန်းဇွန်မြို့နယ်တစ်ခုလုံး။,ငါန်းဇွန်Entire Township.,1,FPTP,21.83510492891219,96.14675569630558
148,မန္တလေးတိုင်းဒေသကြီး,Mandalay Region,တံတားဦးမြို့နယ်,တံတားဦး Township,pyithu,တံတားဦးမြို့နယ်တစ်ခုလုံး။,တံတားဦးEntire Township.,1,FPTP,21.826754338691572,96.12022501545435
149,မန္တလေးတိုင်းဒေသကြီး,Mandalay Region,ပြင်ဦးလွင်မြို့နယ်,ပြင်ဦးလွင် Township,pyithu,ပြင်ဦးလွင်မြို့နယ်တစ်ခုလုံး။,ပြင်ဦးလွင်Entire Township.,1,FPTP,22.01099415656169,96.39698808084553
150,မန္တလေးတိုင်းဒေသကြီး,Mandalay Region,ချမ်းမြသာစည်မြို့နယ်,ချမ်းမြသာစည် Township,pyithu,ချမ်းမြသာစည်မြို့နယ်တစ်ခုလုံး။,ချမ်းမြသာစည်Entire Township.,1,FPTP,21.988498467323318,96.20105749114346
151,မန္တလေးတိုင်းဒေသကြီး,Mandalay Region,ချမ်းအေးသာစံမြို့နယ်,ချမ်းအေးသာစံ Township,pyithu,ချမ်းအေးသာစံမြို့နယ်တစ်ခုလုံး။,ချမ်းအေးသာစံEntire Township.,1,FPTP,21.983849285034587,96.07630824085193
152,မန္တလေးတိုင်းဒေသကြီး,Mandalay Region,ပြည်ကြီးတံခွန်မြို့နယ်,ပြည်ကြီးတံခွန် Township,pyithu,ပြည်ကြီးတံခွန်မြို့နယ်တစ်ခုလုံး။,ပြည်ကြီးတံခွန်Entire Township.,1,FPTP,21.993444820949698,95.99354595593996
153,မန္တလေးတိုင်းဒေသကြီး,Mandalay Region,မဟာအောင်မြေမြို့နယ်,မဟာအောင်မြေ Township,pyithu,မဟာအောင်မြေမြို့နယ်တစ်ခုလုံး။,မဟာအောင်မြေEntire Township.,1,FPTP,21.89079752784215,95.92845536797425
154,မန္တလေးတိုင်းဒေသကြီး,Mandalay Region,မလှိုင်မြို့နယ်,မလှိုင် Township,pyithu,မလှိုင်မြို့နယ်တစ်ခုလုံး။,မလှိုင်Entire Township.,1,FPTP,21.9820253697161,96.10944636358673
155,မန္တလေးတိုင်းဒေသကြီး,Mandalay Region,မိတ္ထီလာမြို့နယ်,မိတ္ထီလာ Township,pyithu,မိတ္ထီလာမြို့နယ်တစ်ခုလုံး။,မိတ္ထီလာEntire Township.,1,FPTP,21.988107247329868,96.01346492547157
156,မန္တလေးတိုင်းဒေသကြီး,Mandalay Region,ဝမ်းတွင်းမြို့နယ်,ဝမ်းတွင်း Township,pyithu,ဝမ်းတွင်းမြို့နယ်တစ်ခုလုံး။,ဝမ်းတွင်းEntire Township.,1,FPTP,21.887364858197362,95.94687462904024
157,မန္တလေးတိုင်းဒေသကြီး,Mandalay Region,သာစည်မြို့နယ်,သာစည် Township,pyithu,သာစည်မြို့နယ်တစ်ခုလုံး။,သာစည်Entire Township.,1,FPTP,22.145377451114477,96.02444271157574
158,မန္တလေးတိုင်းဒေသကြီး,Mandalay Region,တောင်သာမြို့နယ်,တောင်သာ Township,pyithu,တောင်သာမြို့နယ်တစ်ခုလုံး။,တောင်သာEntire Township.,1,FPTP,22.00618329209118,95.98094519963857
159,မန္တလေးတိုင်းဒေသကြီး,Mandalay Region,နွားထိုးကြီးမြို့နယ်,နွားထိုးကြီး Township,pyithu,နွားထိုးကြီးမြို့နယ်တစ်ခုလုံး။,နွားထိုးကြီးEntire Township.,1,FPTP,21.839669650279735,96.25781416350726
160,မန္တလေးတိုင်းဒေသကြီး,Mandalay Region,မြင်းခြံမြို့နယ်,မြင်းခြံ Township,pyithu,မြင်းခြံမြို့နယ်တစ်ခုလုံး။,မြင်းခြံEntire Township.,1,FPTP,22.02445536086338,96.17726397569494
161,မန္တလေးတိုင်းဒေသကြီး,Mandalay Region,ပျော်ဘွယ်မြို့နယ်,ပျော်ဘွယ် Township,pyithu,ပျော်ဘွယ်မြို့နယ်တစ်ခုလုံး။,ပျော်ဘွယ်Entire Township.,1,FPTP,21.861331832977267,96.08830273586834
162,မန္တလေးတိုင်းဒေသကြီး,Mandalay Region,ရမည်းသင်းမြို့နယ်,ရမည်းသင်း Township,pyithu,ရမည်းသင်းမြို့နယ်တစ်ခုလုံး။,ရမည်းသင်းEntire Township.,1,FPTP,22.037508460374244,96.23709441388901
163,မန္တလေးတိုင်းဒေသကြီး,Mandalay Region,စဉ့်ကူးမြို့နယ်,စဉ့်ကူး Township,pyithu,စဉ့်ကူးမြို့နယ်တစ်ခုလုံး။,စဉ့်ကူးEntire Township.,1,FPTP,22.07465955790074,96.09683683076476
164,မန္တလေးတိုင်းဒေသကြီး,Mandalay Region,မိုးကုတ်မြို့နယ်,မိုးကုတ် Township,pyithu,မိုးကုတ်မြို့နယ်တစ်ခုလုံး။,မိုးကုတ်Entire Township.,1,FPTP,21.87673176816483,96.00297157986718
165,မန္တလေးတိုင်းဒေသကြီး,Mandalay Region,သပိတ်ကျင်းမြို့နယ်,သပိတ်ကျင်း Township,pyithu,သပိတ်ကျင်းမြို့နယ်တစ်ခုလုံး။,သပိတ်ကျင်းEntire Township.,1,FPTP,22.055137612924433,96.24141240772697
166,မန္တလေးတိုင်းဒေသကြီး,Mandalay Region,အမရပူရမြို့နယ်,အမရပူရ Township,pyithu,အမရပူရမြို့နယ်တစ်ခုလုံး။,အမရပူရEntire Township.,1,FPTP,22.00007809269365,96.14299100436847
167,မန္တလေးတိုင်းဒေသကြီး,Mandalay Region,ပုသိမ်ကြီးမြို့နယ်,ပုသိမ်ကြီး Township,pyithu,ပုသိမ်ကြီးမြို့နယ်တစ်ခုလုံး။,ပုသိမ်ကြီးEntire Township.,1,FPTP,22.04100601599945,95.98537538456736
168,မန္တလေးတိုင်းဒေသကြီး,Mandalay Region,မတ္တရာမြို့နယ်,မတ္တရာ Township,pyithu,မတ္တရာမြို့နယ်တစ်ခုလုံး။,မတ္တရာEntire Township.,1,FPTP,22.148479298265396,96.07006613219164
169,မန္တလေးတိုင်းဒေသကြီး,Mandalay Region,အောင်မြေသာစံမြို့နယ်,အောင်မြေသာစံ Township,pyithu,အောင်မြေသာစံမြို့နယ်,အောင်မြေသာစံမြို့နယ်,1,FPTP,21.934261188399713,96.00153817466153
170,မွန်ပြည်နယ်,Mon State,ကျိုက်ထိုမြို့နယ်,ကျိုက်ထို Township,pyithu,ကျိုက်ထိုမြို့နယ်တစ်ခုလုံး။,ကျိုက်ထိုEntire Township.,1,FPTP,15.42462638356425,97.46172002690356
171,မွန်ပြည်နယ်,Mon State,ဘီးလင်းမြို့နယ်,ဘီးလင်း Township,pyithu,ဘီးလင်းမြို့နယ်တစ်ခုလုံး။,ဘီးလင်းEntire Township.,1,FPTP,15.411048557037448,97.69261775475316
172,မွန်ပြည်နယ်,Mon State,ကျိုက်မရောမြို့နယ်,ကျိုက်မရော Township,pyithu,ကျိုက်မရောမြို့နယ်တစ်ခုလုံး။,ကျိုက်မရောEntire Township.,1,FPTP,15.418418971503456,97.79094166404701
173,မွန်ပြည်နယ်,Mon State,ချောင်းဆုံမြို့နယ်,ချောင်းဆုံ Township,pyithu,ချောင်းဆုံမြို့နယ်တစ်ခုလုံး။,ချောင်းဆုံEntire Township.,1,FPTP,15.49228982905859,97.46014324261807
174,မွန်ပြည်နယ်,Mon State,မုဒုံမြို့နယ်,မုဒုံ Township,pyithu,မုဒုံမြို့နယ်တစ်ခုလုံး။,မုဒုံEntire Township.,1,FPTP,15.534115197481665,97.65629692366905
175,မွန်ပြည်နယ်,Mon State,မော်လမြိုင်မြို့နယ်,မော်လမြိုင် Township,pyithu,မော်လမြိုင်မြို့နယ်တစ်ခုလုံး။,မော်လမြိုင်Entire Township.,1,FPTP,15.527669079933002,97.53493574308781
176,မွန်ပြည်နယ်,Mon State,သံဖြူဇရပ်မြို့နယ်,သံဖြူဇရပ် Township,pyithu,သံဖြူဇရပ်မြို့နယ်တစ်ခုလုံး။,သံဖြူဇရပ်Entire Township.,1,FPTP,15.582718324903603,97.55128746162353
177,မွန်ပြည်နယ်,Mon State,ရေးမြို့နယ်,ရေး Township,pyithu,ရေးမြို့နယ်တစ်ခုလုံး။,ရေးEntire Township.,1,FPTP,15.501300189187791,97.5407606075761
178,မွန်ပြည်နယ်,Mon State,ပေါင်မြို့နယ်,ပေါင် Township,pyithu,ပေါင်မြို့နယ်တစ်ခုလုံး။,ပေါင်Entire Township.,1,FPTP,15.645353407715731,97.51360092303202
179,မွန်ပြည်နယ်,Mon State,သထုံမြို့နယ်,သထုံ Township,pyithu,သထုံမြို့နယ်တစ်ခုလုံး။,သထုံEntire Township.,1,FPTP,15.473534316676204,97.60485216279447
180,ရခိုင်ပြည်နယ်,Rakhine State,ကျောက်ဖြူမြို့နယ်,ကျောက်ဖြူ Township,pyithu,ကျောက်ဖြူမြို့နယ်တစ်ခုလုံး။,ကျောက်ဖြူEntire Township.,1,FPTP,20.42201691665896,94.01690498835889
181,ရခိုင်ပြည်နယ်,Rakhine State,ရမ်းဗြဲမြို့နယ်,ရမ်းဗြဲ Township,pyithu,ရမ်းဗြဲမြို့နယ်တစ်ခုလုံး။,ရမ်းဗြဲEntire Township.,1,FPTP,20.212566734776498,94.12704568257797
182,ရခိုင်ပြည်နယ်,Rakhine State,စစ်တွေမြို့နယ်,စစ်တွေ Township,pyithu,စစ်တွေမြို့နယ်တစ်ခုလုံး။,စစ်တွေEntire Township.,1,FPTP,20.06428424435837,94.09497618905507
183,ရခိုင်ပြည်နယ်,Rakhine State,ပေါက်တောမြို့နယ်,ပေါက်တော Township,pyithu,ပေါက်တောမြို့နယ်တစ်ခုလုံး။,ပေါက်တောEntire Township.,1,FPTP,20.042910750193887,94.07610519531336
184,ရခိုင်ပြည်နယ်,Rakhine State,ပုဏ္ဏားကျွန်းမြို့နယ်,ပုဏ္ဏားကျွန်း Township,pyithu,ပုဏ္ဏားကျွန်းမြို့နယ်တစ်ခုလုံး။,ပုဏ္ဏားကျွန်းEntire Township.,1,FPTP,20.198247241524317,94.00924363379583
185,ရခိုင်ပြည်နယ်,Rakhine State,ရသေ့တောင်မြို့နယ်,ရသေ့တောင် Township,pyithu,ရသေ့တောင်မြို့နယ်တစ်ခုလုံး။,ရသေ့တောင်Entire Township.,1,FPTP,20.127653721467414,94.04232286694317
186,ရခိုင်ပြည်နယ်,Rakhine State,တောင်ကုတ်မြို့နယ်,တောင်ကုတ် Township,pyithu,တောင်ကုတ်မြို့နယ်တစ်ခုလုံး။,တောင်ကုတ်Entire Township.,1,FPTP,20.22140004940921,94.17553912258256
187,ရခိုင်ပြည်နယ်,Rakhine State,မာန်အောင်မြို့နယ်,မာန်အောင် Township,pyithu,မာန်အောင်မြို့နယ်တစ်ခုလုံး။,မာန်အောင်Entire Township.,1,FPTP,20.19732376245735,94.15009171876243
188,ရခိုင်ပြည်နယ်,Rakhine State,ဘူးသီးတောင်မြို့နယ်,ဘူးသီးတောင် Township,pyithu,ဘူးသီးတောင်မြို့နယ်တစ်ခုလုံး။,ဘူးသီးတောင်Entire Township.,1,FPTP,20.14271710873431,94.00224447552014
189,ရခိုင်ပြည်နယ်,Rakhine State,မောင်တောမြို့နယ်,မောင်တော Township,pyithu,မောင်တောမြို့နယ်တစ်ခုလုံး။,မောင်တောEntire Township.,1,FPTP,20.06532062819316,94.10993323054292
190,ရခိုင်ပြည်နယ်,Rakhine State,ကျောက်တော်မြို့နယ်,ကျောက်တော် Township,pyithu,ကျောက်တော်မြို့နယ်တစ်ခုလုံး။,ကျောက်တော်Entire Township.,1,FPTP,19.99851527753141,94.17513871233717
191,ရခိုင်ပြည်နယ်,Rakhine State,မြေပုံမြို့နယ်,မြေပုံ Township,pyithu,မြေပုံမြို့နယ်တစ်ခုလုံး။,မြေပုံEntire Township.,1,FPTP,20.105348504793298,93.93305947188786
192,ရခိုင်ပြည်နယ်,Rakhine State,မင်းပြားမြို့နယ်,မင်းပြား Township,pyithu,မင်းပြားမြို့နယ်တစ်ခုလုံး။,မင်းပြားEntire Township.,1,FPTP,20.235639879432345,94.15433601923799
193,ရခိုင်ပြည်နယ်,Rakhine State,မြောက်ဦးမြို့နယ်,မြောက်ဦး Township,pyithu,မြောက်ဦးမြို့နယ်တစ်ခုလုံး။,မြောက်ဦးEntire Township.,1,FPTP,20.17140937441302,94.03373762410541
194,ရခိုင်ပြည်နယ်,Rakhine State,ဂွမြို့နယ်,ဂွ Township,pyithu,ဂွမြို့နယ်တစ်ခုလုံး။,ဂွEntire Township.,1,FPTP,20.0254261221288,94.15705986685931
195,ရခိုင်ပြည်နယ်,Rakhine State,သံတွဲမြို့နယ်,သံတွဲ Township,pyithu,သံတွဲမြို့နယ်တစ်ခုလုံး။,သံတွဲEntire Township.,1,FPTP,20.167318092585116,94.02367408434574
196,ရခိုင်ပြည်နယ်,Rakhine State,အမ်းမြို့နယ်,အမ်း Township,pyithu,အမ်းမြို့နယ်တစ်ခုလုံး။,အမ်းEntire Township.,1,FPTP,20.188531737972884,93.91951178993354
197,ရန်ကုန်တိုင်းဒေသကြီး,Yangon Region,ကမာရွတ်မြို့နယ်,ကမာရွတ် Township,pyithu,ကမာရွတ်မြို့နယ်တစ်ခုလုံး။,ကမာရွတ်Entire Township.,1,FPTP,16.777714256379888,96.03234575621168
198,ရန်ကုန်တိုင်းဒေသကြီး,Yangon Region,ဗဟန်းမြို့နယ်,ဗဟန်း Township,pyithu,ဗဟန်းမြို့နယ်တစ်ခုလုံး။,ဗဟန်းEntire Township.,1,FPTP,16.881472510594552,96.19990849466613
199,ရန်ကုန်တိုင်းဒေသကြီး,Yangon Region,ကျောက်တံတားမြို့နယ်,ကျောက်တံတား Township,pyithu,ကျောက်တံတားမြို့နယ်တစ်ခုလုံး။,ကျောက်တံတားEntire Township.,1,FPTP,16.871920871844598,96.22107225017214
200,ရန်ကုန်တိုင်းဒေသကြီး,Yangon Region,ဒဂုံမြို့နယ်,ဒဂုံ Township,pyithu,ဒဂုံမြို့နယ်တစ်ခုလုံး။,ဒဂုံEntire Township.,1,FPTP,16.751802970216936,96.10466833748956
201,ရန်ကုန်တိုင်းဒေသကြီး,Yangon Region,ပန်းဘဲတန်းမြို့နယ်,ပန်းဘဲတန်း Township,pyithu,ပန်းဘဲတန်းမြို့နယ်တစ်ခုလုံး။,ပန်းဘဲတန်းEntire Township.,1,FPTP,16.901878736034828,96.25895924587773
202,ရန်ကုန်တိုင်းဒေသကြီး,Yangon Region,လသာမြို့နယ်,လသာ Township,pyithu,လသာမြို့နယ်တစ်ခုလုံး။,လသာEntire Township.,1,FPTP,16.922178452636825,96.0289479937731
203,ရန်ကုန်တိုင်းဒေသကြီး,Yangon Region,လမ်းမတော်မြို့နယ်,လမ်းမတော် Township,pyithu,လမ်းမတော်မြို့နယ်တစ်ခုလုံး။,လမ်းမတော်Entire Township.,1,FPTP,16.974405124317528,96.18849202013527
204,ရန်ကုန်တိုင်းဒေသကြီး,Yangon Region,တိုက်ကြီးမြို့နယ်,တိုက်ကြီး Township,pyithu,တိုက်ကြီးမြို့နယ်တစ်ခုလုံး။,တိုက်ကြီးEntire Township.,1,FPTP,16.97148020520349,96.07399838002375
205,ရန်ကုန်တိုင်းဒေသကြီး,Yangon Region,ကော့မှူးမြို့နယ်,ကော့မှူး Township,pyithu,ကော့မှူးမြို့နယ်တစ်ခုလုံး။,ကော့မှူးEntire Township.,1,FPTP,16.72833306320429,96.12991638921979
206,ရန်ကုန်တိုင်းဒေသကြီး,Yangon Region,ကွမ်းခြံကုန်းမြို့နယ်,ကွမ်းခြံကုန်း Township,pyithu,ကွမ်းခြံကုန်းမြို့နယ်တစ်ခုလုံး။,ကွမ်းခြံကုန်းEntire Township.,1,FPTP,16.772317496008487,96.19983986713164
207,ရန်ကုန်တိုင်းဒေသကြီး,Yangon Region,ဆိပ်ကြီး/ခနောင်တိုမြို့နယ်,ဆိပ်ကြီး/ခနောင်တို Township,pyithu,ဆိပ်ကြီး/ခနောင်တိုမြို့နယ်တစ်ခုလုံး။,ဆိပ်ကြီး/ခနောင်တိုEntire Township.,1,FPTP,16.917603526720864,96.1090586634716
208,ရန်ကုန်တိုင်းဒေသကြီး,Yangon Region,တွံတေးမြို့နယ်,တွံတေး Township,pyithu,တွံတေးမြို့နယ်တစ်ခုလုံး။,တွံတေးEntire Township.,1,FPTP,16.91747859509122,96.15664444557702
209,ရန်ကုန်တိုင်းဒေသကြီး,Yangon Region,ဒလမြို့နယ်,ဒလ Township,pyithu,ဒလမြို့နယ်တစ်ခုလုံး။,ဒလEntire Township.,1,FPTP,16.917604768630603,96.29572928092144
210,ရန်ကုန်တိုင်းဒေသကြီး,Yangon Region,ဒဂုံမြို့သစ်(ဆိပ်ကမ်း),ဒဂုံမြို့သစ်(ဆိပ်ကမ်း),pyithu,ဒဂုံမြို့သစ်(ဆိပ်ကမ်း)မြို့နယ်မြို့နယ်တစ်ခုလုံး။,ဒဂုံမြို့သစ်(ဆိပ်ကမ်း)မြို့နယ်Entire Township.,1,FPTP,17.251373149065472,96.13741081304768
211,ရန်ကုန်တိုင်းဒေသကြီး,Yangon Region,ဒဂုံမြို့သစ်(တောင်ပိုင်း)မြို့နယ်,ဒဂုံမြို့သစ်(တောင်ပိုင်း) Township,pyithu,ဒဂုံမြို့သစ်(တောင်ပိုင်း)မြို့နယ်တစ်ခုလုံး။,ဒဂုံမြို့သစ်(တောင်ပိုင်း)Entire Township.,1,FPTP,16.923189051069315,96.2786692112065
212,ရန်ကုန်တိုင်းဒေသကြီး,Yangon Region,ဒဂုံမြို့သစ်(မြောက်ပိုင်း)မြို့နယ်,ဒဂုံမြို့သစ်(မြောက်ပိုင်း) Township,pyithu,ဒဂုံမြို့သစ်(မြောက်ပိုင်း)မြို့နယ်တစ်ခုလုံး။,ဒဂုံမြို့သစ်(မြောက်ပိုင်း)Entire Township.,1,FPTP,16.97965656401806,96.08212931453423
213,ရန်ကုန်တိုင်းဒေသကြီး,Yangon Region,ဒဂုံမြို့သစ်(အရှေ့ပိုင်း)မြို့နယ်,ဒဂုံမြို့သစ်(အရှေ့ပိုင်း) Township,pyithu,ဒဂုံမြို့သစ်(အရှေ့ပိုင်း)မြို့နယ်တစ်ခုလုံး။,ဒဂုံမြို့သစ်(အရှေ့ပိုင်း)Entire Township.,1,FPTP,16.96150017634932,96.24808041779153
214,ရန်ကုန်တိုင်းဒေသကြီး,Yangon Region,ဒေါပုံမြို့နယ်,ဒေါပုံ Township,pyithu,ဒေါပုံမြို့နယ်တစ်ခုလုံး။,ဒေါပုံEntire Township.,1,FPTP,16.931239125130578,96.33925686206578
215,ရန်ကုန်တိုင်းဒေသကြီး,Yangon Region,ပုဇွန်တောင်မြို့နယ်,ပုဇွန်တောင် Township,pyithu,ပုဇွန်တောင်မြို့နယ်တစ်ခုလုံး။,ပုဇွန်တောင်Entire Township.,1,FPTP,16.834573075535964,95.94793554998726
216,ရန်ကုန်တိုင်းဒေသကြီး,Yangon Region,ဗိုလ်တထောင်မြို့နယ်,ဗိုလ်တထောင် Township,pyithu,ဗိုလ်တထောင်မြို့နယ်တစ်ခုလုံး။,ဗိုလ်တထောင်Entire Township.,1,FPTP,16.941996922049327,96.11541047445294
217,ရန်ကုန်တိုင်းဒေသကြီး,Yangon Region,မင်္ဂလာတောင်ညွန့်မြို့နယ်,မင်္ဂလာတောင်ညွန့် Township,pyithu,မင်္ဂလာတောင်ညွန့်မြို့နယ်တစ်ခုလုံး။,မင်္ဂလာတောင်ညွန့်Entire Township.,1,FPTP,16.788817478546243,96.25280721271805
218,ရန်ကုန်တိုင်းဒေသကြီး,Yangon Region,သာကေတမြို့နယ်,သာကေတ Township,pyithu,သာကေတမြို့နယ်တစ်ခုလုံး။,သာကေတEntire Township.,1,FPTP,16.842418139326,96.1747954613957
219,ရန်ကုန်တိုင်းဒေသကြီး,Yangon Region,မရမ်းကုန်းမြို့နယ်,မရမ်းကုန်း Township,pyithu,မရမ်းကုန်းမြို့နယ်တစ်ခုလုံး။,မရမ်းကုန်းEntire Township.,1,FPTP,16.81756364521709,96.23221458733713
220,ရန်ကုန်တိုင်းဒေသကြီး,Yangon Region,မြောက်ဥက္ကလာပမြို့နယ်,မြောက်ဥက္ကလာပ Township,pyithu,မြောက်ဥက္ကလာပမြို့နယ်တစ်ခုလုံး။,မြောက်ဥက္ကလာပEntire Township.,1,FPTP,16.87428741393863,96.13470148132842
221,ရန်ကုန်တိုင်းဒေသကြီး,Yangon Region,လှိုင်မြို့နယ်,လှိုင် Township,pyithu,လှိုင်မြို့နယ်တစ်ခုလုံး။,လှိုင်Entire Township.,1,FPTP,17.09756585666735,96.20375897874729
222,ရန်ကုန်တိုင်းဒေသကြီး,Yangon Region,မင်္ဂလာဒုံမြို့နယ်,မင်္ဂလာဒုံ Township,pyithu,မင်္ဂလာဒုံမြို့နယ်တစ်ခုလုံး။,မင်္ဂလာဒုံEntire Township.,1,FPTP,16.679373480740825,96.17953227646079
223,ရန်ကုန်တိုင်းဒေသကြီး,Yangon Region,ရွှေပြည်သာမြို့နယ်,ရွှေပြည်သာ Township,pyithu,ရွှေပြည်သာမြို့နယ်တစ်ခုလုံး။,ရွှေပြည်သာEntire Township.,1,FPTP,16.934726019037452,96.31187820616597
224,ရန်ကုန်တိုင်းဒေသကြီး,Yangon Region,ထန်းတပင်မြို့နယ်,ထန်းတပင် Township,pyithu,ထန်းတပင်မြို့နယ်တစ်ခုလုံး။,ထန်းတပင်Entire Township.,1,FPTP,16.704828412881035,96.22054208433012
225,ရန်ကုန်တိုင်းဒေသကြီး,Yangon Region,မှော်ဘီမြို့နယ်,မှော်ဘီ Township,pyithu,မှော်ဘီမြို့နယ်တစ်ခုလုံး။,မှော်ဘီEntire Township.,1,FPTP,16.818906813421055,96.22886026620752
226,ရန်ကုန်တိုင်းဒေသကြီး,Yangon Region,လှည်းကူးမြို့နယ်,လှည်းကူး Township,pyithu,လှည်းကူးမြို့နယ်တစ်ခုလုံး။,လှည်းကူးEntire Township.,1,FPTP,16.974995059696735,96.15391230338776
227,ရန်ကုန်တိုင်းဒေသကြီး,Yangon Region,တာမွေမြို့နယ်,တာမွေ Township,pyithu,တာမွေမြို့နယ်တစ်ခုလုံး။,တာမွေEntire Township.,1,FPTP,16.872528001909547,96.14633937759275
228,ရန်ကုန်တိုင်းဒေသကြီး,Yangon Region,တောင်ဥက္ကလာပမြို့နယ်,တောင်ဥက္ကလာပ Township,pyithu,တောင်ဥက္ကလာပမြို့နယ်တစ်ခုလုံး။,တောင်ဥက္ကလာပEntire Township.,1,FPTP,16.75832552220707,96.15184418121804
229,ရန်ကုန်တိုင်းဒေသကြီး,Yangon Region,ရန်ကင်းမြို့နယ်,ရန်ကင်း Township,pyithu,ရန်ကင်းမြို့နယ်တစ်ခုလုံး။,ရန်ကင်းEntire Township.,1,FPTP,16.794569629074,96.23454521423783
230,ရန်ကုန်တိုင်းဒေသကြီး,Yangon Region,သင်္ဃန်းကျွန်းမြို့နယ်,သင်္ဃန်းကျွန်း Township,pyithu,သင်္ဃန်းကျွန်းမြို့နယ်တစ်ခုလုံး။,သင်္ဃန်းကျွန်းEntire Township.,1,FPTP,16.934059774893466,96.15300155191797
231,ရန်ကုန်တိုင်းဒေသကြီး,Yangon Region,ကိုကိုးကျွန်းမြို့နယ်,ကိုကိုးကျွန်း Township,pyithu,ကိုကိုးကျွန်းမြို့နယ်တစ်ခုလုံး။,ကိုကိုးကျွန်းEntire Township.,1,FPTP,16.793063336828286,96.22407748568963
232,ရန်ကုန်တိုင်းဒေသကြီး,Yangon Region,ကျောက်တန်းမြို့နယ်,ကျောက်တန်း Township,pyithu,ကျောက်တန်းမြို့နယ်တစ်ခုလုံး။,ကျောက်တန်းEntire Township.,1,FPTP,16.887745858958198,96.40264007986454
233,ရန်ကုန်တိုင်းဒေသကြီး,Yangon Region,ခရမ်းမြို့နယ်,ခရမ်း Township,pyithu,ခရမ်းမြို့နယ်တစ်ခုလုံး။,ခရမ်းEntire Township.,1,FPTP,16.87065718399038,96.28221247034317
234,ရန်ကုန်တိုင်းဒေသကြီး,Yangon Region,သန်လျင်မြို့နယ်,သန်လျင် Township,pyithu,သန်လျင်မြို့နယ်တစ်ခုလုံး။,သန်လျင်Entire Township.,1,FPTP,16.80093996523942,96.16249764678321
235,ရန်ကုန်တိုင်းဒေသကြီး,Yangon Region,သုံးခွမြို့နယ်,သုံးခွ Township,pyithu,သုံးခွမြို့နယ်တစ်ခုလုံး။,သုံးခွEntire Township.,1,FPTP,17.08049440893253,96.31522139221639
236,ရန်ကုန်တိုင်းဒေသကြီး,Yangon Region,ကြည့်မြင်တိုင်မြို့နယ်,ကြည့်မြင်တိုင် Township,pyithu,ကြည့်မြင်တိုင်မြို့နယ်တစ်ခုလုံး။,ကြည့်မြင်တိုင်Entire Township.,1,FPTP,16.9294919022318,96.15429246269784
237,ရန်ကုန်တိုင်းဒေသကြီး,Yangon Region,စမ်းချောင်းမြို့နယ်,စမ်းချောင်း Township,pyithu,စမ်းချောင်းမြို့နယ်တစ်ခုလုံး။,စမ်းချောင်းEntire Township.,1,FPTP,16.663585741334238,95.99128754648221
238,ရန်ကုန်တိုင်းဒေသကြီး,Yangon Region,အလုံမြို့နယ်,အလုံ Township,pyithu,ဖာအလုံမြို့နယ်တစ်ခုလုံး။,ဖာအလုံEntire Township.,1,FPTP,16.884745431476944,96.09429136890826
239,ရန်ကုန်တိုင်းဒေသကြီး,Yangon Region,လှိုင်သာယာ(အနောက်ပိုင်း)မြို့နယ်,လှိုင်သာယာ(အနောက်ပိုင်း) Township,pyithu,လှိုင်သာယာ(အနောက်ပိုင်း)မြို့နယ်တစ်ခုလုံး။,လှိုင်သာယာ(အနောက်ပိုင်း)Entire Township.,1,FPTP,16.79992135352316,96.00802080789741
240,ရန်ကုန်တိုင်းဒေသကြီး,Yangon Region,လှိုင်သာယာ(အရှေ့ပိုင်း)မြို့နယ်,လှိုင်သာယာ(အရှေ့ပိုင်း) Township,pyithu,လှိုင်သာယာ(အရှေ့ပိုင်း)မြို့နယ်တစ်ခုလုံး။,လှိုင်သာယာ(အရှေ့ပိုင်း)Entire Township.,1,FPTP,16.95134333347962,96.15994865159587
241,ရန်ကုန်တိုင်းဒေသကြီး,Yangon Region,အင်းစိန်မြို့နယ်,အင်းစိန် Township,pyithu,အင်းစိန်မြို့နယ်တစ်ခုလုံး။,အင်းစိန်Entire Township.,1,FPTP,16.786847926156728,96.19694183791896
242,ရှမ်းပြည်နယ်,Shan State,မက်မန်းမြို့နယ်,မက်မန်း Township,pyithu,မက်မန်းမြို့နယ်တစ်ခုလုံး။,မက်မန်းEntire Township.,1,FPTP,20.98852635585331,98.16764373122753
243,ရှမ်းပြည်နယ်,Shan State,ပန်ဆန်း(ပန်ခမ်း)မြို့နယ်,ပန်ဆန်း(ပန်ခမ်း) Township,pyithu,ပန်ဆန်း(ပန်ခမ်း)မြို့နယ်တစ်ခုလုံး။,ပန်ဆန်း(ပန်ခမ်း)Entire Township.,1,FPTP,21.050498727898045,98.03269273737642
244,ရှမ်းပြည်နယ်,Shan State,နားဖန်းမြို့နယ်,နားဖန်း Township,pyithu,နားဖန်းမြို့နယ်တစ်ခုလုံး။,နားဖန်းEntire Township.,1,FPTP,21.08657551941701,97.97808994711912
245,ရှမ်းပြည်နယ်,Shan State,ဟိုပန်မြို့နယ်,ဟိုပန် Township,pyithu,ဟိုပန်မြို့နယ်တစ်ခုလုံး။,ဟိုပန်Entire Township.,1,FPTP,20.879970359294422,98.08294055811835
246,ရှမ်းပြည်နယ်,Shan State,မိုင်းမောမြို့နယ်,မိုင်းမော Township,pyithu,မိုင်းမောမြို့နယ်တစ်ခုလုံး။,မိုင်းမောEntire Township.,1,FPTP,20.966549876415904,97.7788864690992
247,ရှမ်းပြည်နယ်,Shan State,ပန်ဝိုင်မြို့နယ်,ပန်ဝိုင် Township,pyithu,ပန်ဝိုင်မြို့နယ်တစ်ခုလုံး။,ပန်ဝိုင်Entire Township.,1,FPTP,20.952505468883903,98.02356145581086
248,ရှမ်းပြည်နယ်,Shan State,ရွာငံမြို့နယ်,ရွာငံ Township,pyithu,ရွာငံမြို့နယ်တစ်ခုလုံး။,ရွာငံEntire Township.,1,FPTP,20.934667076742628,98.0770865193887
249,ရှမ်းပြည်နယ်,Shan State,ပင်းတယမြို့နယ်,ပင်းတယ Township,pyithu,ပင်းတယမြို့နယ်တစ်ခုလုံး။,ပင်းတယEntire Township.,1,FPTP,21.17654542402811,97.85214137542202
250,ရှမ်းပြည်နယ်,Shan State,ဟိုပုံးမြို့နယ်,ဟိုပုံး Township,pyithu,ဟိုပုံးမြို့နယ်တစ်ခုလုံး။,ဟိုပုံးEntire Township.,1,FPTP,21.040498171096097,98.1143754043207
251,ရှမ်းပြည်နယ်,Shan State,ဆီဆိုင်မြို့နယ်,ဆီဆိုင် Township,pyithu,ဆီဆိုင်မြို့နယ်တစ်ခုလုံး။,ဆီဆိုင်Entire Township.,1,FPTP,20.873911604566494,98.03384964074944
252,ရှမ်းပြည်နယ်,Shan State,ပင်လောင်းမြို့နယ်,ပင်လောင်း Township,pyithu,ပင်လောင်းမြို့နယ်တစ်ခုလုံး။,ပင်လောင်းEntire Township.,1,FPTP,21.091786194705477,97.95847120860992
253,ရှမ်းပြည်နယ်,Shan State,နမ့်ဆန်မြို့နယ်,နမ့်ဆန် Township,pyithu,နမ့်ဆန်မြို့နယ်တစ်ခုလုံး။,နမ့်ဆန်Entire Township.,1,FPTP,21.212215619701265,98.06327818661063
254,ရှမ်းပြည်နယ်,Shan State,မန်တုံမြို့နယ်,မန်တုံ Township,pyithu,မန်တုံမြို့နယ်တစ်ခုလုံး။,မန်တုံEntire Township.,1,FPTP,21.103246526055116,98.22706928578044
255,ရှမ်းပြည်နယ်,Shan State,ကုန်းကြမ်းမြို့နယ်,ကုန်းကြမ်း Township,pyithu,ဖာဂပစကုန်းကြမ်းမြို့နယ်တစ်ခုလုံး။,ဖာဂပစကုန်းကြမ်းEntire Township.,1,FPTP,20.848063003404597,98.01818662550585
256,ရှမ်းပြည်နယ်,Shan State,လောက်ကိုင်မြို့နယ်,လောက်ကိုင် Township,pyithu,လောက်ကိုင်မြို့နယ်တစ်ခုလုံး။,လောက်ကိုင်Entire Township.,1,FPTP,20.951576592713376,98.02482205863004
257,ရှမ်းပြည်နယ်,Shan State,ကလောမြို့နယ်,ကလော Township,pyithu,ကလောမြို့နယ်တစ်ခုလုံး။,ကလောEntire Township.,1,FPTP,21.126691114918664,97.95406391004597
258,ရှမ်းပြည်နယ်,Shan State,ညောင်ရွှေမြို့နယ်,ညောင်ရွှေ Township,pyithu,ညောင်ရွှေမြို့နယ်တစ်ခုလုံး။,ညောင်ရွှေEntire Township.,1,FPTP,20.92923305343812,97.91501556305352
259,ရှမ်းပြည်နယ်,Shan State,ဖယ်ခုံမြို့နယ်,ဖယ်ခုံ Township,pyithu,ဖယ်ခုံမြို့နယ်တစ်ခုလုံး။,ဖယ်ခုံEntire Township.,1,FPTP,21.044381942814624,98.08303358165442
260,ရှမ်းပြည်နယ်,Shan State,ကျောက်မဲမြို့နယ်,ကျောက်မဲ Township,pyithu,ကျောက်မဲမြို့နယ်တစ်ခုလုံး။,ကျောက်မဲEntire Township.,1,FPTP,21.077463405342932,97.91439161740911
261,ရှမ်းပြည်နယ်,Shan State,သီပေါမြို့နယ်,သီပေါ Township,pyithu,သီပေါမြို့နယ်တစ်ခုလုံး။,သီပေါEntire Township.,1,FPTP,20.90730695284219,98.00715662372194
262,ရှမ်းပြည်နယ်,Shan State,နောင်ချိုမြို့နယ်,နောင်ချို Township,pyithu,နောင်ချိုမြို့နယ်တစ်ခုလုံး။,နောင်ချိုEntire Township.,1,FPTP,20.99404746439382,97.95223425532349
263,ရှမ်းပြည်နယ်,Shan State,နမ္မတူမြို့နယ်,နမ္မတူ Township,pyithu,နမ္မတူမြို့နယ်တစ်ခုလုံး။,နမ္မတူEntire Township.,1,FPTP,20.675873265993093,98.04789798257464
264,ရှမ်းပြည်နယ်,Shan State,ကျိုင်းတုံမြို့နယ်,ကျိုင်းတုံ Township,pyithu,ကျိုင်းတုံမြို့နယ်တစ်ခုလုံး။,ကျိုင်းတုံEntire Township.,1,FPTP,20.897561235866572,98.0333662105287
265,ရှမ်းပြည်နယ်,Shan State,၂၆၅မိုင်းခတ်မြို့နယ်,၂၆၅မိုင်းခတ် Township,pyithu,မိုင်းခတ်မြို့နယ်တစ်ခုလုံး။,မိုင်းခတ်Entire Township.,1,FPTP,20.974743184860685,98.10375399442579
266,ရှမ်းပြည်နယ်,Shan State,မိုင်းပျဉ်းမြို့နယ်,မိုင်းပျဉ်း Township,pyithu,မိုင်းပျဉ်းမြို့နယ်တစ်ခုလုံး။,မိုင်းပျဉ်းEntire Township.,1,FPTP,20.875221681803517,97.94899836011453
267,ရှမ်းပြည်နယ်,Shan State,ကွတ်ခိုင်မြို့နယ်,ကွတ်ခိုင် Township,pyithu,ကွတ်ခိုင်မြို့နယ်တစ်ခုလုံး။,ကွတ်ခိုင်Entire Township.,1,FPTP,21.163241130393164,97.97301250647067
268,ရှမ်းပြည်နယ်,Shan State,တာချီလိတ်မြို့နယ်,တာချီလိတ် Township,pyithu,တာချီလိတ်မြို့နယ်တစ်ခုလုံး။,တာချီလိတ်Entire Township.,1,FPTP,20.85698586220394,97.90212362842176
269,ရှမ်းပြည်နယ်,Shan State,မိုင်းဖြတ်မြို့နယ်,မိုင်းဖြတ် Township,pyithu,မိုင်းဖြတ်မြို့နယ်တစ်ခုလုံး။,မိုင်းဖြတ်Entire Township.,1,FPTP,20.9559955513303,97.95557067399238
270,ရှမ်းပြည်နယ်,Shan State,တောင်ကြီးမြို့နယ်,တောင်ကြီး Township,pyithu,တောင်ကြီးမြို့နယ်တစ်ခုလုံး။,တောင်ကြီးEntire Township.,1,FPTP,21.01307405772861,98.03773004930449
271,ရှမ်းပြည်နယ်,Shan State,ရပ်စောက်မြို့နယ်,ရပ်စောက် Township,pyithu,ရပ်စောက်မြို့နယ်တစ်ခုလုံး။,ရပ်စောက်Entire Township.,1,FPTP,21.144127328906613,98.07569886166453
272,ရှမ်းပြည်နယ်,Shan State,တန့်ယန်းမြို့နယ်,တန့်ယန်း Township,pyithu,တန့်ယန်းမြို့နယ်တစ်ခုလုံး။,တန့်ယန်းEntire Township.,1,FPTP,20.856413784882054,97.90778346758223
273,ရှမ်းပြည်နယ်,Shan State,မိုင်းရယ်မြို့နယ်,မိုင်းရယ် Township,pyithu,မိုင်းရယ်မြို့နယ်တစ်ခုလုံး။,မိုင်းရယ်Entire Township.,1,FPTP,21.116316375215497,98.08696059201057
274,ရှမ်းပြည်နယ်,Shan State,ကွန်ဟိန်းမြို့နယ်,ကွန်ဟိန်း Township,pyithu,ကွန်ဟိန်းမြို့နယ်တစ်ခုလုံး။,ကွန်ဟိန်းEntire Township.,1,FPTP,21.00102330610196,98.13556378588049
275,ရှမ်းပြည်နယ်,Shan State,နမ့်စန်မြို့နယ်,နမ့်စန် Township,pyithu,နမ့်စန်မြို့နယ်တစ်ခုလုံး။,နမ့်စန်Entire Township.,1,FPTP,20.901849134895205,98.04134349032238
276,ရှမ်းပြည်နယ်,Shan State,မိုးနဲမြို့နယ်,မိုးနဲ Township,pyithu,မိုးနဲမြို့နယ်တစ်ခုလုံး။,မိုးနဲEntire Township.,1,FPTP,21.046210347426328,98.18767958125581
277,ရှမ်းပြည်နယ်,Shan State,နမ့်ခမ်းမြို့နယ်,နမ့်ခမ်း Township,pyithu,နမ့်ခမ်းမြို့နယ်တစ်ခုလုံး။,နမ့်ခမ်းEntire Township.,1,FPTP,21.019905969557346,97.92262108008964
278,ရှမ်းပြည်နယ်,Shan State,မူဆယ်မြို့နယ်,မူဆယ် Township,pyithu,မူဆယ်မြို့နယ်တစ်ခုလုံး။,မူဆယ်Entire Township.,1,FPTP,20.939978312284122,97.87553452966885
279,ရှမ်းပြည်နယ်,Shan State,မဘိမ်းမြို့နယ်,မဘိမ်း Township,pyithu,မဘိမ်းမြို့နယ်တစ်ခုလုံး။,မဘိမ်းEntire Township.,1,FPTP,21.006980208499,97.82212797510957
280,ရှမ်းပြည်နယ်,Shan State,မိုးမိတ်မြို့နယ်,မိုးမိတ် Township,pyithu,မိုးမိတ်မြို့နယ်တစ်ခုလုံး။,မိုးမိတ်Entire Township.,1,FPTP,20.961468640313825,98.14960443114892
281,ရှမ်းပြည်နယ်,Shan State,မိုင်းဆတ်မြို့နယ်,မိုင်းဆတ် Township,pyithu,မိုင်းဆတ်မြို့နယ်တစ်ခုလုံး။,မိုင်းဆတ်Entire Township.,1,FPTP,21.011351734525125,98.06543656563541
282,ရှမ်းပြည်နယ်,Shan State,မိုင်းတုံမြို့နယ်,မိုင်းတုံ Township,pyithu,မိုင်းတုံမြို့နယ်တစ်ခုလုံး။,မိုင်းတုံEntire Township.,1,FPTP,21.066213067452104,97.99444153290895
283,ရှမ်းပြည်နယ်,Shan State,မိုင်းယောင်းမြို့နယ်,မိုင်းယောင်း Township,pyithu,မိုင်းယောင်းမြို့နယ်တစ်ခုလုံး။,မိုင်းယောင်းEntire Township.,1,FPTP,21.158601681614535,98.02799686263198
284,ရှမ်းပြည်နယ်,Shan State,မိုင်းယန်းမြို့နယ်,မိုင်းယန်း Township,pyithu,မိုင်းယန်းမြို့နယ်တစ်ခုလုံး။,မိုင်းယန်းEntire Township.,1,FPTP,20.876218450117314,97.88745109527017
285,ရှမ်းပြည်နယ်,Shan State,၂၈၅ကျေးသီးမြို့နယ်,၂၈၅ကျေးသီး Township,pyithu,ကျေးသီးမြို့နယ်တစ်ခုလုံး။,ကျေးသီးEntire Township.,1,FPTP,21.213303337465625,98.24457519796168
286,ရှမ်းပြည်နယ်,Shan State,၂၈၆မိုင်းရှူးမြို့နယ်,၂၈၆မိုင်းရှူး Township,pyithu,မိုင်းရှူးမြို့နယ်တစ်ခုလုံး။,မိုင်းရှူးEntire Township.,1,FPTP,20.80479122004775,98.01292211819752
287,ရှမ်းပြည်နယ်,Shan State,မိုင်းလားမြို့နယ်,မိုင်းလား Township,pyithu,မိုင်းလားမြို့နယ်တစ်ခုလုံး။,မိုင်းလားEntire Township.,1,FPTP,20.98482149049644,98.01093947946049
288,ရှမ်းပြည်နယ်,Shan State,ကွမ်းလုံမြို့နယ်,ကွမ်းလုံ Township,pyithu,ကွမ်းလုံမြို့နယ်တစ်ခုလုံး။,ကွမ်းလုံEntire Township.,1,FPTP,21.058831720648456,98.07257666238986
289,ရှမ်းပြည်နယ်,Shan State,လားရှိုးမြို့နယ်,လားရှိုး Township,pyithu,လားရှိုးမြို့နယ်တစ်ခုလုံး။,လားရှိုးEntire Township.,1,FPTP,21.028099186773503,98.04810092317368
290,ရှမ်းပြည်နယ်,Shan State,သိန္နီမြို့နယ်,သိန္နီ Township,pyithu,သိန္နီမြို့နယ်တစ်ခုလုံး။,သိန္နီEntire Township.,1,FPTP,20.93773004801794,98.02238840242791
291,ရှမ်းပြည်နယ်,Shan State,မိုင်းပန်မြို့နယ်,မိုင်းပန် Township,pyithu,မိုင်းပန်မြို့နယ်တစ်ခုလုံး။,မိုင်းပန်Entire Township.,1,FPTP,20.979187774964274,97.92095255445547
292,ရှမ်းပြည်နယ်,Shan State,မောက်မယ်မြို့နယ်,မောက်မယ် Township,pyithu,မောက်မယ်မြို့နယ်တစ်ခုလုံး။,မောက်မယ်Entire Township.,1,FPTP,20.950699906534116,98.0471468357136
293,ရှမ်းပြည်နယ်,Shan State,လင်းခေးမြို့နယ်,လင်းခေး Township,pyithu,လင်းခေးမြို့နယ်တစ်ခုလုံး။,လင်းခေးEntire Township.,1,FPTP,20.94106352430558,98.1882024496475
294,ရှမ်းပြည်နယ်,Shan State,မိုင်းကိုင်မြို့နယ်,မိုင်းကိုင် Township,pyithu,မိုင်းကိုင်မြို့နယ်တစ်ခုလုံး။,မိုင်းကိုင်Entire Township.,1,FPTP,21.084960209702103,98.1345420046155
295,ရှမ်းပြည်နယ်,Shan State,လဲချားမြို့နယ်,လဲချား Township,pyithu,လဲချားမြို့နယ်တစ်ခုလုံး။,လဲချားEntire Township.,1,FPTP,21.035701548596506,98.15931866266394
296,ရှမ်းပြည်နယ်,Shan State,လွိုင်လင်မြို့နယ်,လွိုင်လင် Township,pyithu,လွိုင်လင်မြို့နယ်တစ်ခုလုံး။,လွိုင်လင်Entire Township.,1,FPTP,20.930709040473936,97.94887843235688
297,ဧရာဝတီတိုင်းဒေသကြီး,Ayeyarwady Region,ကျောင်းကုန်းမြို့နယ်,ကျောင်းကုန်း Township,pyithu,ကျောင်းကုန်းမြို့နယ်တစ်ခုလုံး။,ကျောင်းကုန်းEntire Township.,1,FPTP,16.989959987543322,95.10103951797414
298,ဧရာဝတီတိုင်းဒေသကြီး,Ayeyarwady Region,ကျုံပျော်မြို့နယ်,ကျုံပျော် Township,pyithu,ကျုံပျော်မြို့နယ်တစ်ခုလုံး။,ကျုံပျော်Entire Township.,1,FPTP,16.93072995208766,95.18742130799004
299,ဧရာဝတီတိုင်းဒေသကြီး,Ayeyarwady Region,ရေကြည်မြို့နယ်,ရေကြည် Township,pyithu,ရေကြည်မြို့နယ်တစ်ခုလုံး။,ရေကြည်Entire Township.,1,FPTP,16.981286211883894,95.20557249122888
300,ဧရာဝတီတိုင်းဒေသကြီး,Ayeyarwady Region,ကန်ကြီးထောင့်မြို့နယ်,ကန်ကြီးထောင့် Township,pyithu,ကန်ကြီးထောင့်မြို့နယ်တစ်ခုလုံး။,ကန်ကြီးထောင့်Entire Township.,1,FPTP,16.96296288419236,95.3094191518471
301,ဧရာဝတီတိုင်းဒေသကြီး,Ayeyarwady Region,ငပုတောမြို့နယ်,ငပုတော Township,pyithu,ငပုတောမြို့နယ်တစ်ခုလုံး။,ငပုတောEntire Township.,1,FPTP,16.81710049890779,95.03075353702852
302,ဧရာဝတီတိုင်းဒေသကြီး,Ayeyarwady Region,ပုသိမ်မြို့နယ်,ပုသိမ် Township,pyithu,ပုသိမ်မြို့နယ်တစ်ခုလုံး။,ပုသိမ်Entire Township.,1,FPTP,16.843981895980303,95.35295503194607
303,ဧရာဝတီတိုင်းဒေသကြီး,Ayeyarwady Region,သာပေါင်းမြို့နယ်,သာပေါင်း Township,pyithu,သာပေါင်းမြို့နယ်တစ်ခုလုံး။,သာပေါင်းEntire Township.,1,FPTP,16.974729360512324,95.1841992101421
304,ဧရာဝတီတိုင်းဒေသကြီး,Ayeyarwady Region,ကျိုက်လတ်မြို့နယ်,ကျိုက်လတ် Township,pyithu,ကျိုက်လတ်မြို့နယ်တစ်ခုလုံး။,ကျိုက်လတ်Entire Township.,1,FPTP,16.961037026543345,95.15731189300526
305,ဧရာဝတီတိုင်းဒေသကြီး,Ayeyarwady Region,ဒေးဒရဲမြို့နယ်,ဒေးဒရဲ Township,pyithu,ဒေးဒရဲမြို့နယ်တစ်ခုလုံး။,ဒေးဒရဲEntire Township.,1,FPTP,16.897909840603585,95.09878956247398
306,ဧရာဝတီတိုင်းဒေသကြီး,Ayeyarwady Region,ဖျာပုံမြို့နယ်တစ်ခုလုံး။ဖျာပုံမြို့နယ်,ဖျာပုံ Townshipတစ်ခုလုံး။ဖျာပုံ Township,pyithu,,Area description not available,1,FPTP,16.911732738330876,95.03451433281343
307,ဧရာဝတီတိုင်းဒေသကြီး,Ayeyarwady Region,ဘိုကလေးမြို့နယ်,ဘိုကလေး Township,pyithu,ဘိုကလေးမြို့နယ်တစ်ခုလုံး။,ဘိုကလေးEntire Township.,1,FPTP,17.02776648957884,95.28231705839619
308,ဧရာဝတီတိုင်းဒေသကြီး,Ayeyarwady Region,ညောင်တုန်းမြို့နယ်,ညောင်တုန်း Township,pyithu,ညောင်တုန်းမြို့နယ်တစ်ခုလုံး။,ညောင်တုန်းEntire Township.,1,FPTP,16.840842861116414,95.20733179671885
309,ဧရာဝတီတိုင်းဒေသကြီး,Ayeyarwady Region,ဓနုဖြူမြို့နယ်,ဓနုဖြူ Township,pyithu,ဓနုဖြူမြို့နယ်တစ်ခုလုံး။,ဓနုဖြူEntire Township.,1,FPTP,16.954709738117003,95.0710039100259
310,ဧရာဝတီတိုင်းဒေသကြီး,Ayeyarwady Region,ပန်းတနော်မြို့နယ်,ပန်းတနော် Township,pyithu,ပန်းတနော်မြို့နယ်တစ်ခုလုံး။,ပန်းတနော်Entire Township.,1,FPTP,16.879780734756608,95.07049212279364
311,ဧရာဝတီတိုင်းဒေသကြီး,Ayeyarwady Region,မအူပင်မြို့နယ်,မအူပင် Township,pyithu,မအူပင်မြို့နယ်တစ်ခုလုံး။,မအူပင်Entire Township.,1,FPTP,16.878231879677276,95.16642153007099
312,ဧရာဝတီတိုင်းဒေသကြီး,Ayeyarwady Region,မြောင်းမြမြို့နယ်,မြောင်းမြ Township,pyithu,မြောင်းမြမြို့နယ်တစ်ခုလုံး။,မြောင်းမြEntire Township.,1,FPTP,17.009877685198717,95.36690215252894
313,ဧရာဝတီတိုင်းဒေသကြီး,Ayeyarwady Region,ဝါးခယ်မမြို့နယ်,ဝါးခယ်မ Township,pyithu,ဝါးခယ်မမြို့နယ်တစ်ခုလုံး။,ဝါးခယ်မEntire Township.,1,FPTP,16.9825416348988,95.17404086486364
314,ဧရာဝတီတိုင်းဒေသကြီး,Ayeyarwady Region,အိမ်မဲမြို့နယ်,အိမ်မဲ Township,pyithu,အိမ်မဲမြို့နယ်တစ်ခုလုံး။,အိမ်မဲEntire Township.,1,FPTP,16.98135096360006,95.04968570468819
315,ဧရာဝတီတိုင်းဒေသကြီး,Ayeyarwady Region,ကြံခင်းမြို့နယ်,ကြံခင်း Township,pyithu,ကြံခင်းမြို့နယ်တစ်ခုလုံး။,ကြံခင်းEntire Township.,1,FPTP,17.03054788071543,95.17542569359141
316,ဧရာဝတီတိုင်းဒေသကြီး,Ayeyarwady Region,မြန်အောင်မြို့နယ်,မြန်အောင် Township,pyithu,မြန်အောင်မြို့နယ်တစ်ခုလုံး။,မြန်အောင်Entire Township.,1,FPTP,16.902100384163276,95.17272764302524
317,ဧရာဝတီတိုင်းဒေသကြီး,Ayeyarwady Region,အင်္ဂပူမြို့နယ်,အင်္ဂပူ Township,pyithu,အင်္ဂပူမြို့နယ်တစ်ခုလုံး။,အင်္ဂပူEntire Township.,1,FPTP,16.968195297129494,94.93031133570585
318,ဧရာဝတီတိုင်းဒေသကြီး,Ayeyarwady Region,မော်လမြိုင်ကျွန်းမြို့နယ်,မော်လမြိုင်ကျွန်း Township,pyithu,မော်လမြိုင်ကျွန်းမြို့နယ်တစ်ခုလုံး။,မော်လမြိုင်ကျွန်းEntire Township.,1,FPTP,16.868973324340654,95.19457051334822
319,ဧရာဝတီတိုင်းဒေသကြီး,Ayeyarwady Region,လပွတ္တာမြို့နယ်,လပွတ္တာ Township,pyithu,လပွတ္တာမြို့နယ်တစ်ခုလုံး။,လပွတ္တာEntire Township.,1,FPTP,16.932416635248842,95.17690654697914
320,ဧရာဝတီတိုင်းဒေသကြီး,Ayeyarwady Region,ဇလွန်မြို့နယ်,ဇလွန် Township,pyithu,ဇလွန်မြို့နယ်တစ်ခုလုံး။,ဇလွန်Entire Township.,1,FPTP,16.88698569456323,95.26962063648135
321,ဧရာဝတီတိုင်းဒေသကြီး,Ayeyarwady Region,လေးမျက်နှာမြို့နယ်,လေးမျက်နှာ Township,pyithu,လေးမျက်နှာမြို့နယ်တစ်ခုလုံး။,လေးမျက်နှာEntire Township.,1,FPTP,16.90969959649927,95.38489560949454
322,ဧရာဝတီတိုင်းဒေသကြီး,Ayeyarwady Region,ဟင်္သာတမြို့နယ်,ဟင်္သာတ Township,pyithu,ဟင်္သာတမြို့နယ်တစ်ခုလုံး။,ဟင်္သာတEntire Township.,1,FPTP,16.95951570254369,95.31265650295478
323,ပြည်ထောင်စုနယ်မြေ,Naypyitaw Union Territory,ဇေယျာသီရိမြို့နယ်,ဇေယျာသီရိ Township,pyithu,ဇေယျာသီရိမြို့နယ်တစ်ခုလုံး။,ဇေယျာသီရိEntire Township.,1,FPTP,19.663277931676653,96.10281113094452
324,ပြည်ထောင်စုနယ်မြေ,Naypyitaw Union Territory,ပုဗ္ဗသီရိမြို့နယ်,ပုဗ္ဗသီရိ Township,pyithu,ပုဗ္ဗသီရိမြို့နယ်တစ်ခုလုံး။,ပုဗ္ဗသီရိEntire Township.,1,FPTP,19.954338727568548,96.01904740912583
325,ပြည်ထောင်စုနယ်မြေ,Naypyitaw Union Territory,ဇမ္ဗူသီရိမြို့နယ်,ဇမ္ဗူသီရိ Township,pyithu,ဇမ္ဗူသီရိမြို့နယ်တစ်ခုလုံး။,ဇမ္ဗူသီရိEntire Township.,1,FPTP,19.644498261850032,96.38703598032498
326,ပြည်ထောင်စုနယ်မြေ,Naypyitaw Union Territory,ဂပျဉ်းမနားမြို့နယ်,ဂပျဉ်းမနား Township,pyithu,ပျဉ်းမနားမြို့နယ်တစ်ခုလုံး။,ပျဉ်းမနားEntire Township.,1,FPTP,19.623681138721228,96.13562184340145
327,ပြည်ထောင်စုနယ်မြေ,Naypyitaw Union Territory,ဒက္ခိဏသီရိမြို့နယ်,ဒက္ခိဏသီရိ Township,pyithu,ဒက္ခိဏသီရိမြို့နယ်တစ်ခုလုံး။,ဒက္ခိဏသီရိEntire Township.,1,FPTP,19.860911087350008,96.1310929291913
328,ပြည်ထောင်စုနယ်မြေ,Naypyitaw Union Territory,လယ်ဝေးမြို့နယ်,လယ်ဝေး Township,pyithu,လယ်ဝေးမြို့နယ်တစ်ခုလုံး။,လယ်ဝေးEntire Township.,1,FPTP,19.824266269396293,96.127287491289
329,ပြည်ထောင်စုနယ်မြေ,Naypyitaw Union Territory,တပ်ကုန်းမြို့နယ်,တပ်ကုန်း Township,pyithu,တပ်ကုန်းမြို့နယ်တစ်ခုလုံး။,တပ်ကုန်းEntire Township.,1,FPTP,19.807511981705215,96.14950847607679
330,ပြည်ထောင်စုနယ်မြေ,Naypyitaw Union Territory,ဥတ္တရသီရိမြို့နယ်,ဥတ္တရသီရိ Township,pyithu,ဥတ္တရသီရိမြို့နယ်တစ်ခုလုံး။,ဥတ္တရသီရိEntire Township.,1,FPTP,19.80793455092643,96.1152639588076
